id,user_name,work_load_per_day,team_work,work_speed,overall_quality_score,assigned_role
1,Fbqve63,"[10, 9, 10, 9, 8, 10, 6, 10, 10, 8, 9, 10, 10, 6, 7, 8]",85.63,12.05,87.75,Leader
2,Xhjnp94,"[8, 9, 8, 8, 10, 9, 6, 9, 10, 8, 5, 10, 10]",81.42,15.67,79.92,Helper
3,Llbls85,"[8, 6, 8, 9, 7, 8, 9, 9, 6, 10, 5, 6, 7, 8, 8, 8, 7, 8]",76.11,15.78,81.24,Perfectionist
4,Vzwfg53,"[5, 7, 4, 5, 2, 6, 4, 6, 8, 5, 4, 5, 4, 5]",48.03,39.98,34.01,Lone Wolf
5,Tuasl37,"[3, 3, 1, 6, 3, 4, 2]",37.76,50.57,13.84,Lone Wolf
6,Hvnnr41,"[7, 4, 5, 3]",52.03,54.88,28.55,Lone Wolf
7,Uafmu62,"[5, 5, 4, 5, 6, 5]",53.98,38.19,34.59,Lone Wolf
8,Dgvmw95,"[10, 4, 7, 2, 7, 5, 8]",60.31,32.9,48.36,Helper
9,Snxhm75,"[10, 8, 8, 10, 10, 10, 10]",94.99,5.59,98.22,Leader
10,Bgbmx35,"[5, 4, 2, 4, 5, 4, 4, 3, 5, 4]",47.55,49.52,27.4,Lone Wolf
11,Utxgl18,"[6, 3, 3, 3, 2, 3, 6, 4, 4, 0, 4, 6, 4, 5]",51.49,44.24,26.69,Lone Wolf
12,Pqglf99,"[8, 10, 8, 6, 8, 10, 7, 10, 9, 8, 6, 9, 10, 8, 7, 10]",84.69,16.41,84.63,Balancer
13,Swqmx76,"[6, 5, 7, 3, 2, 3, 6, 4, 3, 5, 4, 4, 3, 3, 3, 2, 4]",39.65,54.82,12.5,Lone Wolf
14,Oxsxt47,"[2, 6, 3, 6, 3, 2, 5, 2, 6, 6, 5, 5, 6, 5, 5, 3, 5, 6]",54.1,43.7,34.06,Lone Wolf
15,Phatu26,"[6, 8, 7, 9, 5, 8, 8, 5, 8, 5, 7, 8, 3, 8]",68.11,24.66,55.24,Task finisher
16,Rheja44,"[7, 8, 10, 7, 6, 8, 7, 9, 9, 5, 10, 6, 9, 5, 7, 5, 6]",67.15,24.08,64.39,Helper
17,Jfulw79,"[4, 3, 5, 2, 4, 5, 5, 2, 2]",43.96,49.1,18.57,Lone Wolf
18,Ejqjn28,"[7, 7, 6, 6, 5, 6, 7, 7, 5]",65.27,36.31,53.45,Task finisher
19,Ciede80,"[7, 8, 6, 7, 5, 5, 6, 8, 7]",75.57,27.77,68.12,Helper
20,Rkvcw21,"[5, 6, 4, 5, 7, 4]",46.38,45.87,35.07,Lone Wolf
21,Qpifq50,"[9, 9, 10, 9, 10, 10, 8, 8, 8, 10, 7, 8, 5, 8, 8, 6, 6, 5]",78.02,19.44,71.24,Helper
22,Uksvb12,"[8, 5, 5, 3, 6, 8, 8, 6, 3, 6, 5, 6, 6]",59.5,41.47,49.08,Lone Wolf
23,Tuenk83,"[1, 6, 3, 3, 1, 1, 3, 3, 4]",31.16,61.17,8.86,Lone Wolf
24,Ustpz48,"[5, 4, 6, 5, 4, 4, 6, 4, 6]",55.32,42.94,29.31,Lone Wolf
25,Jvjej43,"[3, 3, 3, 2, 3]",28.47,61.94,4.44,Lone Wolf
26,Nibyo74,"[5, 6, 9, 7, 8, 4, 6, 6, 6, 8, 7, 5, 6, 6]",65.2,37.04,51.4,Helper
27,Kdmma83,"[7, 6, 6, 7]",68.46,31.69,54.86,Leader
28,Xtkgd65,"[6, 5, 6, 6, 3, 9]",63.36,28.91,48.57,Lone Wolf
29,Fhzqr56,"[7, 4, 6, 8, 6, 6, 8, 2, 4, 5, 7, 7]",63.45,36.53,50.63,Helper
30,Clwcp72,"[3, 4, 4, 3, 0, 2, 1, 3]",26.37,66.54,0.0,Lone Wolf
31,Rolkd44,"[3, 5, 5, 5, 4, 2]",44.53,55.16,20.77,Lone Wolf
32,Vggyr53,"[4, 5, 4, 5, 3, 5, 7, 5, 5, 4, 7, 5, 5, 4]",47.73,50.17,31.47,Lone Wolf
33,Qxvnp70,"[6, 8, 9, 5, 6, 5, 4]",76.37,25.26,66.53,Helper
34,Cxfgb87,"[5, 6, 5, 5, 5, 6, 4, 7, 5]",62.01,48.11,47.68,Leader
35,Dxefp19,"[6, 7, 6, 8, 9, 8, 8, 6, 6, 7, 6, 5, 5, 10, 7, 10]",69.43,28.72,56.09,Helper
36,Hnqsf87,"[1, 3, 5, 2, 2, 3, 2, 2, 4, 2, 0, 1, 3, 0, 3, 3, 5, 1]",35.89,54.85,2.92,Balancer
37,Axzjo59,"[4, 3, 3, 4, 3, 5, 5, 6, 4, 8, 4, 4, 7, 4, 7, 5, 5, 6, 4]",52.75,42.35,36.45,Balancer
38,Jntrj41,"[10, 10, 9, 10, 10, 10, 8, 9, 10]",88.85,11.01,90.33,Helper
39,Nfczd62,"[6, 7, 8, 5, 6, 6, 5]",76.84,27.84,64.66,Helper
40,Qbfsl71,"[3, 4, 4, 1, 4, 3, 4, 2, 4, 1, 2, 2, 4]",32.51,53.68,10.13,Lone Wolf
41,Cpcso52,"[6, 4, 8, 5, 6, 3, 5, 9, 6, 10, 6, 7, 6, 5, 7, 6, 6, 3, 6, 6]",59.28,32.32,42.58,Leader
42,Dwwdz65,"[5, 4, 5, 1, 3, 4, 5, 3, 3, 3, 4, 3, 3, 3, 3, 4, 1, 3, 3, 3]",37.45,50.27,19.49,Lone Wolf
43,Aobec82,"[7, 8, 8, 7, 10, 7, 9, 7, 10, 7, 6]",72.28,22.88,74.55,Helper
44,Cfury63,"[6, 5, 5, 4, 2, 5, 6, 6, 4, 4, 3, 7, 3, 4, 3, 5]",48.19,46.92,29.36,Lone Wolf
45,Gnsfe79,"[8, 7, 8, 9, 9, 10, 10, 8, 7, 9]",81.94,13.72,85.37,Balancer
46,Flphw69,"[5, 7, 6, 7, 6, 7, 3, 6, 5, 4, 5, 4]",50.13,50.23,36.53,Lone Wolf
47,Iltsx13,"[5, 6, 5, 7, 1, 6, 7, 7, 7, 6, 5, 5, 7, 9, 5, 5, 5, 5, 4]",59.35,33.13,41.56,Helper
48,Wmzsf44,"[3, 1, 4, 3, 1, 3, 1, 4, 2, 3, 2, 4, 6, 2, 3, 4, 5, 3, 1]",35.29,53.5,8.1,Task finisher
49,Bwkpg96,"[3, 4, 3, 2]",29.7,54.14,3.97,Lone Wolf
50,Psohy13,"[1, 2, 3, 3, 2, 4]",31.66,56.26,6.5,Lone Wolf
51,Moses61,"[5, 4, 5, 3, 6, 3, 4, 5, 2, 4, 3, 3, 4, 6, 3, 2, 3, 5, 5]",43.68,51.05,22.86,Lone Wolf
52,Kihfn85,"[7, 8, 5, 9, 8, 9, 4, 5, 4, 8, 6, 6, 7, 4]",64.52,37.02,52.43,Perfectionist
53,Fnvol75,"[5, 7, 8, 6, 7, 6, 8, 8, 6, 6, 8, 6, 6, 9]",68.34,31.99,50.94,Leader
54,Ckghl18,"[6, 7, 5, 7, 6, 5, 5, 9, 4, 6, 10, 10, 6, 5, 7]",69.73,15.67,70.65,Leader
55,Pylze64,"[4, 4, 3, 8, 7, 8, 4, 6, 8, 4, 4, 5, 4, 5, 6]",60.19,39.08,44.6,Lone Wolf
56,Gltoc51,"[8, 6, 7, 8, 8, 6, 7, 8, 6, 5, 7, 10, 6, 4, 5]",70.87,29.15,56.27,Helper
57,Xqwzc86,"[8, 7, 6, 5, 10, 6, 6, 5, 9, 5, 6, 8, 8, 7, 7, 5]",67.62,35.66,57.29,Helper
58,Xtaok93,"[0, 4, 2, 4, 5]",33.18,59.83,12.71,Lone Wolf
59,Qxnmd37,"[6, 7, 10, 8, 4, 9, 9, 9, 6, 6, 6, 10]",71.27,24.08,71.78,Leader
60,Hycrn27,"[9, 9, 9, 7, 10, 7, 8, 8, 9, 6, 7]",81.81,11.02,78.83,Helper
61,Pnxnm39,"[8, 6, 5, 6, 7, 7, 7, 8, 10, 6, 6, 7, 3, 7, 7, 7, 6, 8, 8]",73.36,24.64,59.09,Task finisher
62,Riywc38,"[6, 4, 4, 3, 7]",51.99,41.0,39.54,Task finisher
63,Jsoih39,"[4, 5, 5, 7, 5]",53.65,34.52,38.48,Leader
64,Iqnjf12,"[8, 7, 5, 5, 6, 6, 5, 8]",61.09,24.74,46.48,Helper
65,Oxcdu37,"[8, 9, 7, 8, 6, 9, 8, 9, 5, 9, 7, 10, 8, 8, 10, 6, 8, 7, 6]",85.43,15.55,85.0,Helper
66,Falol96,"[9, 7, 5, 6, 8, 7, 9, 9, 7, 8, 10, 8, 8, 10, 8, 9]",74.11,18.69,72.14,Leader
67,Orwcl52,"[9, 8, 7, 8, 8, 7, 9, 8, 9, 8, 7, 7]",77.55,24.98,65.3,Helper
68,Uamrn25,"[6, 6, 4, 6, 8, 6, 5]",65.75,28.86,58.32,Task finisher
69,Nlgtc28,"[10, 8, 8, 7, 9, 9, 9, 9, 10, 9, 9, 9]",89.41,1.85,96.96,Helper
70,Qrncc54,"[5, 2, 6, 6, 6, 3, 4, 6, 6, 6, 4, 3, 4]",47.61,46.39,34.36,Lone Wolf
71,Ztlkt17,"[7, 6, 5, 5, 5, 7, 6, 6, 3, 7, 1, 5, 6, 4, 6]",51.59,28.37,41.86,Lone Wolf
72,Bjjsn89,"[5, 5, 5, 6, 5, 5, 6, 5, 3, 6, 4, 7]",63.37,36.28,54.46,Lone Wolf
73,Dvhap31,"[1, 2, 1, 3, 0, 0, 1, 2, 5, 3, 1]",28.71,44.95,3.71,Lone Wolf
74,Vkcfy33,"[6, 4, 4, 4, 3, 8, 5, 7, 6, 5, 5, 7, 6, 3, 3, 8, 5]",53.93,38.21,33.8,Leader
75,Rjmwc86,"[8, 8, 8, 10, 10, 9, 7, 10, 10, 10, 10, 9, 10]",94.24,8.74,97.26,Helper
76,Jfdvw57,"[6, 10, 8, 9, 8, 9, 6, 9, 9, 10, 10, 10]",85.2,16.29,82.22,Helper
77,Itpdj55,"[9, 9, 8, 10, 8, 10, 10, 10, 8, 9, 10, 9, 8, 8, 8, 9, 7, 9, 9]",90.16,7.23,94.0,Helper
78,Ibxli76,"[4, 4, 9, 6, 5, 1, 8, 6, 4, 3, 4, 7]",53.66,31.97,37.78,Lone Wolf
79,Btwnm10,"[4, 7, 6, 5, 5, 7, 5, 4, 6, 5, 4, 4, 5, 3, 5, 3, 3, 5, 5]",47.25,52.5,25.24,Lone Wolf
80,Nmbmg82,"[10, 8, 7, 9, 6, 7, 7, 10, 9, 8, 7, 7, 7, 9]",83.8,7.82,82.77,Helper
81,Yflib26,"[4, 3, 4, 3, 7, 5, 6, 4, 5, 5, 8, 5, 4, 7, 7, 3, 7]",56.75,38.48,41.99,Leader
82,Ikiqw72,"[5, 9, 10, 8, 6, 7, 8, 4, 9, 8, 7, 9, 7, 9, 7, 9, 8, 9, 9]",78.99,19.69,83.63,Leader
83,Cwvgg62,"[10, 10, 9, 8, 8, 7, 7, 10, 9, 10, 6]",86.13,4.64,92.11,Helper
84,Qevuq42,"[9, 8, 8, 9, 7, 10, 7, 8, 8, 5, 9, 7, 10, 4, 10, 6, 7, 8]",81.1,20.82,70.44,Helper
85,Ujfnj56,"[10, 9, 8, 7, 6, 4, 5, 8, 5]",69.8,22.55,60.6,Leader
86,Uyphg92,"[5, 5, 6, 5, 2, 3, 3, 4, 2, 3, 2, 2, 2, 6, 4, 3, 3]",29.94,49.5,6.22,Lone Wolf
87,Tnwpz90,"[3, 4, 6, 5, 4, 8, 4, 4, 7]",52.5,43.35,31.98,Lone Wolf
88,Bnqbk93,"[8, 8, 7, 7, 6, 7, 8, 6, 7, 10, 6, 10, 6, 8, 7, 10]",78.53,15.81,73.69,Balancer
89,Qeqhq98,"[9, 6, 7]",58.17,22.9,46.83,Genelarist
90,Suvbn14,"[2, 5, 8, 3, 4, 5]",45.55,45.53,29.66,Lone Wolf
91,Retuf45,"[3, 8, 5, 4, 9, 6, 3, 5, 4, 7, 5, 5, 6]",55.39,33.21,33.67,Lone Wolf
92,Hjvem47,"[9, 7, 7, 7, 7, 8, 6, 5, 5, 7, 6, 8, 9, 10, 9, 6]",68.32,25.59,64.97,Helper
93,Qeilt37,"[2, 3, 3, 3, 7, 8, 3, 4, 2, 6]",46.7,55.5,24.7,Lone Wolf
94,Hklfb76,"[8, 8, 3, 6, 8, 5, 5, 7]",69.54,30.93,55.21,Helper
95,Oylvs32,"[4, 4, 4, 3, 4, 5, 6, 6, 5, 4, 5, 4, 4, 2]",49.15,43.24,33.82,Perfectionist
96,Keprz32,"[5, 0, 5, 5, 5, 0, 4, 3, 4, 5, 2, 2, 1, 5, 3, 4, 3, 5, 5, 4]",32.68,46.23,14.22,Perfectionist
97,Udhji46,"[4, 1, 3, 5, 4, 3, 3, 4, 4, 3, 1, 5, 3, 5, 5]",41.0,51.14,17.32,Lone Wolf
98,Fshnc52,"[10, 10, 8, 8, 9, 10, 9, 10, 7, 6, 6, 9, 9, 7]",77.64,6.25,82.32,Helper
99,Tkkvi78,"[5, 9, 7, 6, 9, 8]",72.72,15.56,67.52,Helper
100,Niqzu15,"[4, 2, 5, 4, 5, 2]",41.69,57.03,19.25,Lone Wolf
101,Hqpeg68,"[8, 7, 8, 5, 5, 7, 7, 6, 6, 8, 5, 6, 10]",72.44,22.12,68.54,Helper
102,Ehhjp69,"[9, 8, 8, 7, 9, 7, 7, 9, 8, 8, 10, 8, 10, 7]",93.79,1.25,98.78,Helper
103,Rkprt13,"[2, 5, 3, 3, 6]",38.95,47.95,18.5,Lone Wolf
104,Citli81,"[9, 7, 10, 9, 7, 9, 9, 8, 7, 8, 7, 7, 10]",86.22,7.76,93.63,Helper
105,Ggmba29,"[3, 7, 4, 4]",42.31,47.45,28.61,Lone Wolf
106,Htszi14,"[10, 7, 9, 10, 9]",97.17,6.64,96.18,Helper
107,Drlod39,"[6, 8, 5, 5, 3, 3, 5, 5, 6, 6, 3, 6, 5, 6, 2, 10]",56.6,40.86,46.43,Perfectionist
108,Erfun93,"[6, 7, 6, 7, 4, 5, 3, 8, 5, 6, 6, 4, 3, 3, 4]",50.12,43.46,36.28,Lone Wolf
109,Hnonl74,"[8, 6, 6, 6, 6]",69.49,25.63,58.03,Balancer
110,Adspw44,"[7, 7, 8, 5, 5, 9, 5, 5, 8, 5, 6]",53.88,33.57,39.65,Helper
111,Ignee69,"[8, 8, 9, 10, 10, 7, 7, 7, 8, 9, 10, 8, 9, 9, 7, 10, 8]",88.25,7.32,98.52,Helper
112,Uzmcd88,"[7, 9, 6, 8, 6, 7]",79.22,13.38,69.66,Helper
113,Zprbd55,"[7, 3, 6, 6, 5, 3, 6]",63.19,41.65,43.66,Lone Wolf
114,Kaagl65,"[5, 4, 5, 3, 5, 5, 4, 6]",57.65,36.1,40.99,Lone Wolf
115,Mknul49,"[8, 10, 10, 9, 10, 8, 8, 10, 6]",98.99,0.5,100.0,Task finisher
116,Ncapr22,"[6, 5, 5, 4, 2, 5, 3]",42.34,43.52,24.28,Lone Wolf
117,Tfnkb20,"[6, 5, 7, 5, 4, 7, 4, 5, 5, 6, 5, 6, 7]",58.48,36.59,40.5,Leader
118,Amfwp12,"[9, 9, 7, 7, 5, 7, 6]",81.35,28.98,69.8,Helper
119,Qqgiq84,"[8, 10, 6, 8, 9, 7, 9, 8, 9]",74.37,24.25,73.39,Leader
120,Gxpxl44,"[10, 9, 8, 8, 8, 10, 7, 6, 10, 7, 10]",89.59,13.05,87.81,Helper
121,Ghfgg44,"[5, 5, 3, 5, 3, 4, 4, 2, 6, 3, 2, 4, 5, 3]",34.69,51.99,10.72,Lone Wolf
122,Xujhq56,"[2, 0, 5, 1, 3, 5, 2, 2, 4, 0, 3, 1]",34.59,58.15,5.41,Lone Wolf
123,Uauql84,"[4, 5, 5, 3, 4, 4, 7, 6, 4, 5, 3, 6, 6, 7, 4, 5, 5, 5, 2, 6]",55.97,39.37,33.66,Task finisher
124,Jfhrz92,"[5, 6, 7, 5, 7, 4, 5, 6, 4, 6, 6, 6, 8, 6, 6, 8]",65.6,33.06,54.46,Helper
125,Gbopt84,"[0, 2, 1, 5, 2, 1, 4, 1, 3, 2, 1, 4, 1, 0, 2, 3, 4]",30.89,57.31,2.61,Genelarist
126,Rpszz20,"[2, 2, 4, 2, 3, 2]",32.72,59.67,4.58,Lone Wolf
127,Cmewm37,"[7, 5, 1, 5, 5, 5, 5]",56.76,45.74,33.07,Lone Wolf
128,Hwrey79,"[6, 5, 5, 8, 7, 9, 5, 10, 6, 6, 4, 8, 5, 6, 6, 4, 7, 6, 6]",69.24,20.85,60.59,Perfectionist
129,Jkcpl78,"[7, 7, 6, 8, 7, 4, 5, 4, 4, 7]",56.25,38.05,43.93,Task finisher
130,Opimo38,"[5, 7, 6, 9, 4, 5, 5, 5, 6, 9, 8, 7, 8, 5, 6, 9, 9, 5]",74.49,27.01,66.47,Helper
131,Jqxgk82,"[9, 10, 10, 8, 9, 8, 10, 8, 9, 9]",94.52,3.87,97.11,Helper
132,Iseuk31,"[6, 7, 6, 7, 7, 6, 9, 7, 3, 7, 7, 5, 4, 7, 6, 6, 10, 8, 8, 9]",72.06,29.12,57.01,Genelarist
133,Cyemu17,"[3, 4, 3, 0]",35.05,52.24,14.92,Lone Wolf
134,Qwfnq28,"[9, 9, 8, 9, 7, 10, 8, 9, 10]",83.98,20.02,82.85,Helper
135,Lgzwd40,"[3, 6, 5, 5, 5, 3, 8, 5, 5, 8, 8, 6, 2, 5, 3, 6, 5, 3, 7]",49.02,37.43,35.62,Lone Wolf
136,Mtlbt20,"[8, 9, 4, 9, 5, 5, 7]",69.51,25.29,63.55,Leader
137,Dtkru20,"[5, 8, 8, 4, 5, 8, 4]",58.49,43.79,41.28,Lone Wolf
138,Oiabq41,"[2, 4, 6, 4, 5, 1, 4, 7, 5, 3, 5]",44.6,41.59,24.69,Lone Wolf
139,Kclar38,"[2, 4, 2, 4, 5, 2]",39.99,46.12,14.93,Lone Wolf
140,Dypna15,"[8, 7, 10, 9, 7, 10, 10, 10, 10, 9, 10, 10, 9, 10, 9]",93.99,8.16,93.34,Helper
141,Xjhcx28,"[7, 5, 6, 3]",55.21,44.39,40.01,Lone Wolf
142,Fvker90,"[4, 4, 2, 3, 8, 3, 5, 6, 4, 5]",56.57,32.44,37.1,Lone Wolf
143,Ciycm24,"[7, 5, 9, 3, 7, 4, 6, 6, 5, 5, 6, 8]",60.18,29.24,51.59,Helper
144,Lvmmx90,"[7, 9, 5, 5, 7, 7, 7, 7, 8, 8, 10]",82.39,24.07,78.05,Helper
145,Nrpmr95,"[7, 6, 6, 7, 8]",61.18,28.49,53.29,Leader
146,Dclwd73,"[9, 9, 8, 9, 10, 9, 10, 6]",85.28,15.72,85.05,Helper
147,Evwed18,"[4, 3, 6, 3, 5, 3, 2, 5, 2, 3]",51.06,37.8,25.62,Genelarist
148,Nieis82,"[5, 5, 5, 7, 5, 4, 6, 4, 6, 5]",62.85,24.77,44.19,Leader
149,Nnwrt94,"[3, 5, 3, 2, 1, 3, 3, 4, 3, 5, 4, 1, 2, 3, 2, 3]",33.59,58.58,11.7,Lone Wolf
150,Wqjiv11,"[5, 5, 6, 7, 7, 8, 5, 6, 5, 6, 5, 3, 7, 8]",58.86,35.13,45.98,Lone Wolf
151,Yzxtf36,"[7, 10, 10, 9, 8, 8, 9, 9, 10, 8]",85.28,6.35,90.52,Helper
152,Nryno98,"[4, 2, 3, 1, 2, 7, 3, 4, 4, 4, 3, 2, 8, 8, 5, 2, 7, 4, 3]",46.09,53.39,19.9,Genelarist
153,Hiijh35,"[5, 4, 5, 7, 3, 7, 4, 8, 8, 4, 7, 6, 5, 6, 6, 8]",65.53,30.45,51.41,Balancer
154,Zaajn39,"[8, 10, 9, 8, 9, 7, 6, 8, 6, 7, 5, 8, 8, 8, 8]",76.52,27.97,74.64,Helper
155,Fjgnx86,"[7, 9, 9]",87.2,15.51,89.01,Helper
156,Bjiwq75,"[9, 6, 9, 6, 7, 8, 7, 5]",68.97,28.9,57.67,Leader
157,Uzxgq93,"[7, 10, 8, 5, 6, 7, 6, 7, 8, 7, 7, 8, 9, 10, 7, 9]",68.39,19.88,64.11,Perfectionist
158,Qmhjk50,"[6, 5, 2]",44.67,46.85,20.07,Lone Wolf
159,Wuouw48,"[10, 5, 7, 4, 5, 7, 5]",69.25,22.69,62.17,Helper
160,Mqkim23,"[7, 5, 9, 4, 8, 7, 7, 7, 4, 8, 7]",66.06,28.55,60.77,Task finisher
161,Exnkd91,"[7, 6, 1, 4]",44.69,41.16,24.53,Lone Wolf
162,Xspgv10,"[6, 9, 9, 6, 9]",79.8,24.87,77.81,Genelarist
163,Ljrqz22,"[7, 8, 7, 4, 7, 7, 6, 5, 6, 7, 7, 6, 5, 7, 6, 7, 8, 9, 4, 5]",72.06,17.71,64.32,Helper
164,Btdsc16,"[9, 8, 7, 7, 5, 7, 8, 6, 8, 8]",74.57,28.52,64.35,Helper
165,Bigiw56,"[7, 9, 7, 7, 6, 5, 5, 8, 7, 8, 6, 6]",61.21,33.32,57.28,Helper
166,Rymrh67,"[4, 3, 3, 3, 2, 5, 6, 6, 6, 2, 4, 5, 4, 6, 3, 6, 3, 6]",43.88,48.95,25.39,Lone Wolf
167,Knxgo72,"[9, 6, 8, 8, 9, 8, 8, 7, 10, 10, 10, 9, 10, 10, 7, 10]",87.02,5.13,90.01,Helper
168,Nswhi62,"[4, 2, 5, 5, 4, 2, 5, 6, 4, 4, 6, 6, 5, 6, 3, 4, 5, 3, 7, 3]",47.72,40.18,27.72,Lone Wolf
169,Jxtbk94,"[8, 7, 7, 8, 5, 6, 7]",78.09,27.1,69.48,Leader
170,Jqzou60,"[10, 9, 9, 9]",79.58,25.0,78.08,Leader
171,Kxzzx44,"[8, 7, 6, 6, 9, 7, 10, 6, 7, 7, 6, 6, 8]",74.71,15.64,61.91,Helper
172,Zevbf17,"[5, 5, 0, 1, 3, 5, 3, 2, 4, 5, 3]",33.89,58.77,6.35,Lone Wolf
173,Cszvc21,"[5, 5, 3, 6, 3, 5, 6, 3, 7, 4, 4, 4, 4, 4, 4, 8, 2]",48.26,53.67,21.75,Balancer
174,Xaoxm44,"[7, 8, 9, 8, 4, 7, 9, 7, 6, 7, 8, 5, 7, 6, 7, 8]",78.53,26.57,74.18,Helper
175,Hjpxf24,"[5, 4, 7, 7, 6, 5, 7, 7, 7, 4, 5, 4, 4, 6, 8, 6]",56.65,45.08,36.34,Lone Wolf
176,Etgjo29,"[8, 8, 9, 10, 7, 8, 6, 5]",65.03,30.31,58.4,Leader
177,Bkfdk16,"[5, 4, 4, 3, 3]",33.53,56.19,10.03,Lone Wolf
178,Jrzbo82,"[7, 7, 7, 6, 5, 8, 10, 8, 10, 7, 7, 9, 9, 10, 7]",84.55,10.79,87.94,Leader
179,Ejwzr95,"[2, 5, 4, 0, 6]",40.6,49.09,19.45,Lone Wolf
180,Vrnsb94,"[2, 3, 2, 3, 4, 4, 2, 4, 2, 3, 5, 1, 3, 3]",27.47,57.72,0.81,Lone Wolf
181,Xdjyj38,"[0, 1, 2, 2, 2, 0, 4, 1, 4, 2, 1]",30.01,59.65,2.21,Lone Wolf
182,Eroeq27,"[7, 10, 6, 10, 8, 8, 10, 9, 7, 9, 9, 10, 10, 9]",83.64,1.72,88.36,Helper
183,Wlifq33,"[10, 9, 8, 9]",88.09,6.48,93.74,Perfectionist
184,Ivkis27,"[8, 10, 10, 10, 8, 10, 9, 9, 7, 8]",87.22,14.6,91.08,Helper
185,Jiufr62,"[9, 9, 8, 8, 10, 10, 8, 10, 10, 8, 10, 10, 8, 9, 8, 10, 7, 10, 10, 8]",90.26,4.54,91.61,Task finisher
186,Fkcth46,"[7, 5, 7, 7, 4, 5, 6, 6, 4, 6, 9, 6, 6, 7]",65.64,25.73,57.5,Leader
187,Kgyqt80,"[3, 1, 0, 5, 3, 3, 4, 4, 3, 4, 4, 5, 3, 2, 5, 1, 2, 4, 4]",42.89,51.18,15.57,Lone Wolf
188,Bonsu81,"[3, 6, 5, 3, 5, 5, 7, 5, 8]",54.19,48.87,37.58,Leader
189,Jqgeg13,"[9, 7, 6, 4, 5, 9, 5, 7, 7, 6, 4, 6, 2, 5, 7, 6]",67.38,42.22,51.34,Helper
190,Kvysi32,"[4, 0, 4, 0, 6]",38.29,61.64,3.99,Lone Wolf
191,Sdwgs98,"[3, 1, 5, 4]",45.42,37.56,27.61,Lone Wolf
192,Epfkx45,"[7, 9, 3, 8, 7, 5, 5, 4, 6, 8, 4, 8, 6, 10]",73.85,25.67,58.6,Helper
193,Yiawg16,"[6, 6, 5, 5]",71.23,32.86,58.16,Helper
194,Xsans60,"[5, 4, 7, 3, 3, 3, 3, 3, 4, 5, 5, 2, 3, 3, 6, 4, 4]",38.5,47.39,20.98,Genelarist
195,Usdnk31,"[5, 6, 3, 2, 6, 3, 4, 4, 4, 3, 5, 1]",37.45,54.24,10.22,Lone Wolf
196,Vrkaq88,"[10, 9, 10, 10, 6, 8, 8]",84.26,12.89,85.97,Leader
197,Xikdm98,"[8, 7, 7, 10, 9, 10]",81.54,14.7,84.05,Leader
198,Blzdx57,"[4, 3, 0, 4, 3, 2, 5, 6, 2, 5, 3, 2, 4, 2, 3, 4, 3, 4]",36.28,58.49,4.61,Lone Wolf
199,Fclhe28,"[9, 9, 7, 9, 9, 10, 7, 6, 9, 8, 9, 10, 8, 6, 9, 10, 8]",84.82,19.51,78.86,Helper
200,Ablia50,"[3, 7, 8, 8, 5, 4, 4, 2, 5]",64.66,30.6,48.69,Lone Wolf
201,Qxgga64,"[9, 9, 9]",90.26,7.17,93.99,Leader
202,Jvcth14,"[4, 4, 7, 5, 1, 1, 2, 5, 5, 2, 3, 3, 3, 3, 2, 3, 2]",38.67,54.68,13.21,Lone Wolf
203,Acema19,"[4, 6, 4, 0, 4, 4, 4, 6, 3, 1, 3, 2, 3]",27.97,47.43,2.47,Lone Wolf
204,Ynyvo45,"[5, 4, 4, 4, 6, 8, 7, 6]",54.58,42.41,40.01,Perfectionist
205,Apiau35,"[10, 10, 10, 10, 10, 10, 9, 7, 9, 9, 9, 8, 10, 10, 9, 9, 10, 8, 8, 10]",93.7,8.28,100.0,Helper
206,Wadke74,"[9, 10, 9, 10, 10, 8, 10, 10, 10, 7, 7, 10, 9, 9, 9, 10, 10]",95.41,14.66,97.47,Helper
207,Vgtvb91,"[7, 8, 5, 5]",63.6,35.22,51.67,Helper
208,Ntevc12,"[5, 5, 6, 4, 5, 7, 5, 1]",51.44,43.27,24.42,Lone Wolf
209,Snfbk21,"[5, 7, 8, 7, 7, 7, 8, 6, 10, 7, 9, 8, 8, 7, 7, 5, 9, 6, 5]",72.32,34.14,60.69,Helper
210,Assps11,"[9, 7, 10, 7, 7, 9]",79.58,17.11,79.64,Helper
211,Pceeu23,"[3, 2, 2, 3, 4, 3, 5, 5, 1, 6, 8, 7, 6, 3, 5]",49.66,49.34,27.65,Lone Wolf
212,Hicfh72,"[7, 7, 7, 3]",49.98,50.23,35.95,Lone Wolf
213,Zrlcd64,"[4, 3, 5, 0, 3, 6, 2, 4, 5, 2, 6, 5, 3]",46.93,43.81,19.82,Lone Wolf
214,Grfow58,"[5, 7, 3, 5, 5, 8]",58.75,43.37,42.78,Lone Wolf
215,Suhsc45,"[8, 8, 8, 7, 8, 10, 6, 8, 5, 5]",76.6,24.96,72.0,Genelarist
216,Uvmtx95,"[7, 10, 10, 9, 8, 9, 10, 9, 10, 8, 7, 8, 9, 10, 9, 10, 8]",89.49,9.56,99.39,Perfectionist
217,Fjnlk72,"[7, 9, 7, 10, 6, 8, 6, 10, 5]",80.53,8.29,73.99,Helper
218,Zmuwp36,"[8, 10, 10, 8, 9, 10, 9, 10]",86.57,0.1,94.12,Helper
219,Aqkxg46,"[1, 5, 3, 1, 2, 4, 3, 5, 4, 4, 2]",30.03,60.16,2.27,Lone Wolf
220,Udyjc70,"[8, 9, 10, 8, 8, 9, 6, 8, 7, 10, 8]",79.69,27.85,72.3,Helper
221,Nvpvb66,"[4, 6, 5, 7, 5]",48.69,57.23,26.53,Lone Wolf
222,Aflno27,"[7, 3, 4, 6, 6, 6, 4, 5, 5, 4, 5, 3, 6, 5, 6, 7, 8, 6, 8, 9]",59.04,49.15,37.04,Lone Wolf
223,Vqouc57,"[0, 4, 3, 3, 6, 4, 4, 4, 6, 0]",44.32,55.69,17.9,Lone Wolf
224,Mxbjy94,"[8, 7, 6, 6, 6, 6, 6, 7]",70.27,23.11,59.06,Leader
225,Ifjhc77,"[5, 4, 3, 4, 6, 4, 3, 3, 1, 3, 6, 2, 4, 3, 5, 2, 3, 7]",45.99,50.58,24.48,Lone Wolf
226,Cqkut41,"[8, 4, 5, 8, 5, 3, 7, 2, 5, 4, 4]",52.88,35.1,36.51,Lone Wolf
227,Ttubn24,"[8, 7, 7, 6, 9]",72.21,27.34,68.83,Leader
228,Wsdni73,"[7, 7, 9, 10, 8, 9, 8, 5, 8]",71.45,17.77,70.01,Leader
229,Xkwxl65,"[2, 4, 7, 3, 6, 5, 5, 6, 4, 7, 4, 6, 5, 3, 6, 3, 6, 5, 5, 5]",54.7,44.0,34.94,Lone Wolf
230,Azzwa27,"[5, 5, 4]",54.42,47.52,32.75,Lone Wolf
231,Wumtb38,"[10, 8, 9, 10, 9, 9, 6, 7, 10, 10, 8, 10, 10]",88.87,0.1,90.07,Leader
232,Lxljw90,"[5, 10, 7, 7, 7, 7, 7, 7, 5, 5]",71.96,22.59,61.06,Helper
233,Htjex90,"[4, 4, 3, 3, 2, 4, 1, 1, 0, 2, 4, 3, 3, 2]",34.2,48.17,7.75,Lone Wolf
234,Eyjzc22,"[7, 7, 3, 4, 4]",57.83,32.6,48.4,Lone Wolf
235,Jhkfc86,"[5, 5, 6, 5, 6]",49.22,42.43,33.43,Lone Wolf
236,Kawnr71,"[8, 9, 9, 9, 8, 9, 10, 9]",84.03,3.63,85.1,Helper
237,Vhpkq78,"[3, 2, 3, 3, 6, 3, 6, 4, 2, 3, 7, 4, 4, 6, 4]",54.88,40.59,31.03,Lone Wolf
238,Tlfmc59,"[6, 4, 3, 5, 6, 5, 8, 6, 5, 4, 7, 9, 7, 6]",55.15,32.03,44.84,Genelarist
239,Kanfz81,"[5, 9, 6, 7, 10, 5, 6, 6, 8, 7, 7, 6, 10, 8, 6, 5, 7]",78.04,17.9,66.75,Helper
240,Hgtdf80,"[8, 7, 9, 6, 8]",68.32,31.45,55.08,Leader
241,Hxmds70,"[7, 5, 6, 5, 6, 4, 7, 5, 3]",67.09,23.08,48.9,Helper
242,Rawii66,"[10, 7, 8, 7, 10, 8, 10, 9, 10, 10, 10, 9, 10, 7, 9, 7, 9, 9, 10]",91.92,7.21,94.88,Helper
243,Fgfgg30,"[4, 2, 4, 4, 5, 8, 8, 2, 4, 5]",45.4,41.58,26.49,Lone Wolf
244,Zouxq78,"[8, 7, 5, 7, 10, 8, 8, 5, 7, 10, 9, 9]",84.98,10.14,82.16,Helper
245,Jmbju62,"[10, 8, 5, 8, 8, 10, 6, 9, 6, 8, 7, 9, 6, 7]",75.12,15.75,78.81,Helper
246,Xvfzw16,"[9, 8, 10, 7, 9, 9, 7, 8, 10, 8, 7, 7, 8, 6, 9]",84.34,18.97,77.58,Perfectionist
247,Ybewt42,"[8, 10, 10, 7, 10, 8, 8, 10, 9, 10, 9, 7, 9, 7, 10, 7, 9, 7, 8]",92.08,12.91,87.4,Leader
248,Zzasb98,"[3, 6, 5, 3, 3, 2]",47.83,38.5,35.2,Lone Wolf
249,Lfhbt16,"[2, 4, 4, 3]",29.17,53.59,3.23,Task finisher
250,Tglmv94,"[6, 5, 7, 6, 5, 9, 7, 7, 6, 5]",65.22,25.09,56.51,Leader
251,Gosyv25,"[2, 2, 4, 2, 4, 5, 2, 1, 4, 0, 2, 5, 6, 2, 3, 2, 2, 5, 5]",34.75,49.48,0.77,Lone Wolf
252,Ixpnp36,"[3, 4, 4]",30.94,61.0,1.41,Lone Wolf
253,Wucez61,"[4, 6, 6, 5, 5, 5, 4, 6, 3, 3, 3, 6]",49.35,57.7,24.92,Genelarist
254,Tvcgc95,"[5, 5, 5, 4, 5, 3, 6, 6, 5, 5, 5, 6, 6, 2, 4, 6, 6]",57.32,33.71,41.23,Leader
255,Viyux85,"[5, 5, 6, 7, 9, 9, 5, 4, 7, 4, 4, 7, 5, 3, 5, 5, 7, 5, 5]",58.3,41.45,40.45,Lone Wolf
256,Lsqjh27,"[9, 9, 6, 7, 10, 8, 10]",90.61,10.06,91.08,Helper
257,Geosb89,"[3, 3, 1, 4, 2, 4, 4]",31.67,61.59,0.0,Lone Wolf
258,Ulcnq98,"[4, 7, 5, 7, 8, 5, 5, 5, 5, 4, 3, 8, 7, 1, 3, 6]",55.55,34.76,43.08,Genelarist
259,Xbdoo97,"[8, 10, 10]",91.18,2.63,99.75,Helper
260,Ipuqh88,"[8, 5, 8, 8, 6, 7, 9, 10, 9, 8]",77.59,24.08,71.43,Perfectionist
261,Cswpv43,"[4, 4, 5, 4, 4, 5, 5, 4, 4, 4, 5, 4, 6, 9, 5, 3, 6, 5, 4, 2]",42.34,47.95,23.62,Lone Wolf
262,Boeky68,"[8, 10, 10, 8, 10, 6, 10, 6, 6]",85.18,18.78,80.64,Helper
263,Hbqpl17,"[7, 2, 10, 7, 6, 8, 7, 5, 7, 7, 8, 7, 6, 6, 7, 7, 8]",64.7,29.82,54.96,Helper
264,Qbgjq69,"[10, 8, 10, 8]",78.65,19.58,72.66,Leader
265,Xwexw54,"[9, 9, 9, 8]",75.59,22.04,75.13,Genelarist
266,Koiij15,"[10, 8, 9, 8, 6, 6]",66.37,20.49,57.21,Leader
267,Vmozx89,"[2, 4, 1, 2, 6, 3, 3, 7, 5, 4]",37.4,52.53,11.93,Lone Wolf
268,Sroth57,"[2, 3, 2, 5, 2, 3, 3, 3, 2, 4, 4, 4, 1, 4, 2]",31.95,59.99,4.66,Lone Wolf
269,Dqzdv98,"[7, 6, 5, 3, 5, 4, 3, 1, 5, 4, 6, 7, 4, 5, 3, 6, 6, 5]",51.5,46.08,32.67,Lone Wolf
270,Pbxsn69,"[5, 5, 6, 4, 7, 4, 7, 6, 4, 6, 6, 5, 4, 7, 5, 7, 6, 4]",52.44,36.58,40.83,Task finisher
271,Ccqmj84,"[6, 3, 5, 7, 3, 6, 7, 5, 6, 5, 2, 6, 8, 6, 6, 6, 4, 6, 4]",56.53,25.08,44.4,Balancer
272,Zxzwc50,"[8, 5, 10]",86.37,20.78,81.57,Helper
273,Obbmy72,"[5, 3, 5, 1, 4, 5, 3, 2, 3, 4, 4, 2, 2, 1, 5, 2]",31.24,48.65,8.7,Balancer
274,Adzgv62,"[10, 9, 10, 8, 10]",87.64,0.1,93.21,Helper
275,Xprya96,"[6, 6, 4, 5, 7, 7, 5]",56.12,41.17,33.66,Lone Wolf
276,Gsofm52,"[8, 5, 3]",47.06,50.83,22.57,Lone Wolf
277,Cbkdy81,"[5, 5, 3, 2, 2, 2, 4, 4, 4, 1, 7, 3, 4, 5, 6, 2, 5, 4, 2, 3]",38.21,40.94,18.13,Lone Wolf
278,Bwrex71,"[7, 9, 8, 9, 8, 9, 9, 10, 8, 9, 7, 7]",85.76,8.51,90.96,Helper
279,Mklme56,"[4, 5, 5, 5, 6, 4, 6, 5, 6, 5, 6, 5, 3, 7, 5, 4, 3, 4]",57.5,27.29,43.98,Balancer
280,Hrarv94,"[5, 3, 2, 5, 5, 5, 5, 4, 5, 6, 5, 7, 4, 6, 3, 2, 3, 6]",58.19,43.4,34.62,Lone Wolf
281,Mlweg26,"[1, 3, 3, 3, 2, 0, 6, 5, 1, 3, 5, 3, 1, 3, 2, 4, 3, 4]",36.65,49.21,10.0,Lone Wolf
282,Preyw40,"[10, 9, 10, 9]",94.34,6.16,100.0,Leader
283,Nejjv95,"[4, 3, 9, 6, 1, 6, 2]",46.85,45.12,21.07,Lone Wolf
284,Avisc87,"[4, 5, 6, 4, 8, 4, 4, 4, 5, 6]",54.3,36.24,35.38,Lone Wolf
285,Kyohj13,"[4, 5, 2, 6, 6, 5, 6, 8, 6, 7, 6, 5, 7, 7, 6, 5, 5, 7, 7]",61.76,35.41,48.45,Leader
286,Khxki76,"[5, 5, 6, 5, 7, 7, 6, 5, 6, 6, 7, 7, 6, 6, 5, 5, 5, 7]",55.26,37.03,44.86,Leader
287,Udsoq25,"[8, 8, 6, 6, 7, 8, 6, 7, 5, 9, 8, 6, 4]",70.34,32.14,62.55,Helper
288,Ygpxg93,"[7, 6, 7, 8, 7]",66.46,24.43,59.87,Helper
289,Oizgw48,"[6, 4, 4, 5, 4, 4, 4, 5, 5, 1, 8, 5, 3, 3, 3, 3, 4, 5, 4, 5]",50.35,52.48,26.92,Lone Wolf
290,Orfjg54,"[8, 7, 8, 9, 8, 7, 4, 10]",68.62,30.03,67.75,Leader
291,Qikxf19,"[5, 9, 8, 7, 7]",67.64,30.21,64.38,Helper
292,Uksvt47,"[6, 6, 5, 8, 6, 7, 7, 6, 9, 6]",69.46,16.33,68.16,Perfectionist
293,Zwdxo83,"[3, 7, 8, 5, 4]",59.32,40.56,42.94,Lone Wolf
294,Mocls16,"[7, 5, 6, 4, 6, 0, 9, 5, 7, 4]",48.17,40.39,28.07,Lone Wolf
295,Hfzgv60,"[6, 8, 9, 7, 8, 8, 10, 4, 6, 5]",72.93,19.36,63.11,Helper
296,Nnfxb39,"[10, 8, 9, 9, 10, 9, 9, 10, 6, 10, 8, 7, 10, 8, 10]",90.14,6.24,91.83,Helper
297,Yrqjl25,"[5, 1, 2]",28.18,59.16,4.72,Lone Wolf
298,Ibmfg55,"[2, 4, 3, 3, 1, 4, 4, 2, 3, 5, 4, 4]",39.19,50.03,16.68,Lone Wolf
299,Dunkx19,"[9, 5, 7, 7, 6, 9, 8, 8, 10, 5, 8, 6, 7, 7, 7, 5, 4, 7, 8, 9]",62.24,29.15,56.1,Helper
300,Kfuud85,"[10, 9, 10, 8, 9, 9, 9, 4, 8, 10, 10, 8, 7, 9, 9, 9, 10, 9]",88.29,15.48,83.89,Balancer
301,Hlmrk72,"[5, 4, 7]",56.17,39.28,34.66,Lone Wolf
302,Pfpwu24,"[9, 5, 9, 9, 6, 7, 9, 8, 9, 5, 8, 10, 9, 10, 8]",80.34,13.55,81.24,Helper
303,Gjvyc86,"[7, 10, 10, 8, 7, 8, 9, 8, 10, 10, 9, 10, 8, 10]",89.36,14.39,89.48,Genelarist
304,Kazeg98,"[8, 8, 7, 8, 8, 9, 9, 9, 7, 7, 10, 10, 9, 9]",86.71,4.76,91.82,Leader
305,Depbo30,"[5, 9, 7, 8, 7]",77.19,28.2,72.27,Leader
306,Bgbwk94,"[3, 8, 8, 5, 6, 4, 6, 7, 3]",62.46,23.96,50.87,Helper
307,Rtfja39,"[5, 7, 8, 7, 7, 6, 8, 5]",66.76,21.7,65.29,Helper
308,Ibmgo65,"[7, 9, 10, 9, 10, 5, 8, 8, 8, 10]",82.97,18.16,85.0,Leader
309,Jpmto63,"[7, 10, 10, 9, 7, 6, 9, 10, 9, 10, 8]",93.25,6.18,94.04,Helper
310,Ssdhw56,"[5, 5, 6, 7, 5, 3, 4, 5, 4, 6, 3]",60.74,39.02,48.42,Lone Wolf
311,Vbiqv11,"[8, 6, 8, 6, 8, 7, 5]",66.07,28.93,62.77,Genelarist
312,Mjayk31,"[3, 5, 5, 4, 6, 6, 5, 4, 5, 4, 6]",57.49,32.61,49.59,Lone Wolf
313,Jjozy91,"[9, 9, 9, 9, 6, 7, 8, 9]",84.47,14.99,88.24,Leader
314,Eureq62,"[5, 7, 9, 5, 6, 8, 5, 6, 6, 7]",72.25,19.73,64.02,Balancer
315,Eemus31,"[8, 4, 4]",56.22,35.66,43.11,Lone Wolf
316,Rotuv67,"[6, 6, 7, 7, 6]",62.42,38.83,44.84,Helper
317,Nlaxb22,"[9, 7, 10, 8, 10, 9, 10, 9, 10, 10, 7, 10, 9, 8, 8, 5, 10]",88.55,10.88,99.81,Helper
318,Loudp14,"[6, 4, 2, 6, 1, 6, 5, 1, 5, 2, 4, 5, 1, 7, 5, 5, 5, 3]",47.15,39.9,22.93,Task finisher
319,Xhmey48,"[2, 3, 0, 3]",32.75,58.15,3.79,Lone Wolf
320,Loeob25,"[9, 10, 10, 10, 8, 9, 10, 8, 10, 10]",91.98,14.32,95.2,Helper
321,Byskr92,"[10, 8, 6]",77.61,21.34,72.06,Helper
322,Hucpl63,"[4, 6, 4, 5, 1, 4, 5, 3, 4, 4, 1, 8]",34.96,59.08,14.23,Lone Wolf
323,Brnvk97,"[7, 7, 4, 9, 8, 5, 6, 8]",74.95,24.87,64.04,Balancer
324,Ejfat12,"[9, 7, 9, 10, 10, 8, 9, 9, 8, 10, 9, 8]",89.62,8.21,98.62,Helper
325,Ygben43,"[8, 9, 8, 9, 7, 7, 6, 8, 8, 6, 3, 8, 10, 6, 10, 6, 7, 9]",71.71,26.2,62.91,Leader
326,Wbtzf53,"[6, 6, 7, 8, 4, 9, 9, 7, 9, 6, 4]",68.34,28.34,54.64,Leader
327,Iqxjv78,"[3, 4, 5, 3, 6]",52.16,51.78,25.8,Lone Wolf
328,Ekhku69,"[7, 4, 10, 6, 7, 7, 8, 8, 8, 5, 5, 8, 7, 6, 10, 5, 8, 8, 4, 10]",75.06,18.43,70.03,Helper
329,Szdfn67,"[1, 3, 5, 2, 3, 5, 3, 2, 4, 2, 4, 3, 5, 3, 4, 1, 3, 3, 3, 2]",32.76,61.85,0.65,Lone Wolf
330,Jugsg74,"[3, 5, 3, 3, 4]",33.3,59.28,4.5,Lone Wolf
331,Qpszd67,"[7, 5, 8, 3, 8, 4, 6, 7, 4, 9]",62.66,34.58,56.47,Helper
332,Yavgn77,"[5, 7, 7, 5, 8, 9]",62.39,31.68,55.19,Helper
333,Maehd55,"[2, 1, 4, 3, 2, 1, 2, 2, 3, 5, 3, 0, 3, 4, 1]",30.78,57.44,0.0,Lone Wolf
334,Itpgx69,"[8, 10, 10, 9, 8, 10, 10, 10, 10, 9]",91.79,21.32,89.37,Helper
335,Wfxmk88,"[3, 5, 2, 4, 3, 2, 6, 3, 5, 5, 5, 6, 4, 2, 2, 6, 6, 2]",49.87,36.81,28.16,Lone Wolf
336,Ftuhp93,"[5, 7, 7, 10, 10, 9, 8, 7, 6, 7, 8, 6, 7, 5, 5, 8, 9]",76.33,22.04,75.91,Leader
337,Xghlc53,"[6, 5, 4, 6, 6, 7, 7, 6, 8, 4, 7, 6]",70.31,23.6,65.77,Genelarist
338,Wmicy35,"[4, 2, 2, 6, 5, 1, 0, 3, 3]",30.94,55.16,3.4,Lone Wolf
339,Aqjel85,"[0, 5, 4, 2, 4, 4, 6, 4, 5, 6, 3, 2, 5, 3, 4, 5, 6]",46.75,48.23,22.73,Lone Wolf
340,Fsgen79,"[7, 7, 10, 10, 10, 9, 7, 6]",77.13,22.96,79.14,Leader
341,Kvvmz90,"[8, 9, 6, 9, 8, 8, 10, 9, 10, 8, 7, 10, 8, 7, 7, 7, 10, 10]",85.35,18.01,84.53,Helper
342,Eerwv38,"[7, 9, 7, 7, 10, 10, 8, 10, 7, 8, 9, 6, 8, 10]",80.68,23.8,76.25,Helper
343,Ppfsz98,"[8, 7, 10, 6, 10, 10, 10, 10, 9, 9, 8, 9]",86.55,6.96,96.48,Helper
344,Nopky24,"[3, 4, 7, 5, 5, 4, 3, 6, 6, 6]",55.65,49.01,43.33,Lone Wolf
345,Jensh10,"[5, 1, 2, 3, 6, 9, 4, 6, 1, 2, 2, 2, 4, 3, 5, 3, 1]",32.35,59.35,13.35,Lone Wolf
346,Whguv44,"[9, 9, 5, 7, 8, 9, 9, 9, 10, 10, 9, 10, 7]",93.17,7.15,90.47,Balancer
347,Gnggh73,"[4, 1, 5, 4, 5, 3, 5, 3, 3, 8, 5, 4, 6, 5, 5]",42.41,38.96,24.71,Lone Wolf
348,Itpyt28,"[7, 8, 6, 7, 5, 8, 5, 8, 5, 5, 8, 8]",69.96,34.95,56.87,Helper
349,Sxnqc47,"[9, 6, 8, 9, 7, 6]",84.77,26.31,75.79,Leader
350,Wgbbt82,"[1, 4, 4, 2, 4, 4, 5, 6, 2]",48.56,46.96,20.52,Genelarist
351,Ignmu26,"[10, 10, 7, 8, 8, 7, 9, 8, 9, 10, 10, 9]",86.28,17.13,88.08,Helper
352,Dnbbx89,"[7, 6, 8, 4, 8, 6, 4, 8, 7, 5, 7, 5, 6, 7, 6, 8, 5, 6, 7]",66.63,39.41,49.26,Helper
353,Vxjli60,"[4, 5, 4, 4, 3, 1, 5, 6, 6, 6, 5, 1]",50.99,36.44,31.87,Lone Wolf
354,Oekst57,"[7, 6, 4, 10, 6, 8, 8, 9, 9, 8, 6, 8, 9, 10, 8, 9, 9, 7, 8, 10]",76.07,12.28,78.64,Leader
355,Zpaub94,"[3, 4, 3, 5, 4, 2]",38.69,47.43,18.03,Lone Wolf
356,Ybdel15,"[7, 5, 6, 8, 6, 3, 5, 7, 6, 7, 4, 7, 5, 6, 6, 7, 6, 8, 6]",62.75,25.13,52.11,Leader
357,Betdd84,"[6, 5, 5, 7, 7, 7, 4, 4, 8, 5]",62.73,29.55,52.93,Lone Wolf
358,Adthu14,"[5, 5, 3, 3, 4, 3, 6, 7, 4]",37.94,56.15,8.18,Lone Wolf
359,Omgqf48,"[5, 6, 6, 5, 5, 5, 6, 7, 4, 6, 5, 8, 4, 8]",55.11,39.08,44.57,Lone Wolf
360,Yehpz65,"[5, 3, 4, 5, 7, 5, 4, 3, 5, 4, 6, 5, 4, 7, 4, 5, 8, 3]",52.58,39.52,34.3,Lone Wolf
361,Qqsjg32,"[4, 6, 4, 4, 3, 5]",47.59,39.62,18.19,Lone Wolf
362,Dkynx51,"[2, 3, 4, 4]",40.85,56.44,16.7,Lone Wolf
363,Msdbw87,"[7, 3, 3, 4, 5, 3, 5]",48.43,34.16,31.82,Lone Wolf
364,Rymbs96,"[4, 7, 5, 2, 3, 4, 2, 5, 4, 2, 5, 5, 4]",37.12,45.68,15.87,Lone Wolf
365,Numvi87,"[8, 8, 7, 9, 9, 9, 8, 6, 7, 6, 4, 8, 6, 9, 10, 7]",85.8,11.81,90.92,Helper
366,Qhfgc95,"[5, 4, 5, 5, 7, 2, 6, 6, 8, 6, 5, 5, 6, 5, 4, 5, 4, 6, 7]",53.24,31.18,34.39,Lone Wolf
367,Yjznh25,"[7, 7, 9, 7, 8, 7, 7, 8, 9, 8, 9, 8]",79.22,15.92,79.91,Helper
368,Zoedq21,"[5, 4, 4, 9, 2, 7, 4, 2, 5, 4, 7, 5, 4, 4, 4, 6]",53.58,52.05,30.08,Lone Wolf
369,Buodo73,"[5, 1, 3, 3, 6, 2, 2, 4, 2, 4, 3, 1, 1, 3]",33.31,63.29,1.67,Balancer
370,Utzdr34,"[8, 7, 4, 6, 7, 10, 7, 9, 5, 7, 7, 8, 9, 10, 8, 8, 9, 8]",75.48,18.74,73.31,Helper
371,Rsvhl30,"[4, 2, 4, 3, 4, 4, 3, 5, 2, 4]",37.71,57.12,10.12,Lone Wolf
372,Vhnhz93,"[4, 3, 4, 7]",51.22,41.24,33.29,Lone Wolf
373,Rfrzt39,"[5, 2, 2, 1, 4, 5, 5, 4, 5, 3, 4, 4, 5, 3, 3, 7, 4, 2]",44.4,48.22,24.89,Lone Wolf
374,Unenm30,"[4, 9, 9, 8, 6, 10, 8, 8, 9, 10, 8, 10]",83.58,19.3,78.34,Helper
375,Gryta92,"[5, 6, 5, 5, 9, 8, 7]",68.49,33.46,51.56,Balancer
376,Gffus49,"[7, 5, 6, 7, 6, 10, 4, 5, 6, 7, 7, 6]",65.08,37.45,55.31,Leader
377,Rmpjm88,"[6, 6, 2, 2, 3, 3, 3, 3, 2, 3, 2, 3]",38.78,53.44,11.47,Lone Wolf
378,Cbtyd30,"[10, 10, 10, 8]",91.64,5.17,96.62,Helper
379,Aerwr60,"[10, 10, 10, 9, 9]",86.16,11.33,89.24,Leader
380,Wbqzq30,"[10, 6, 7, 7, 8, 8, 10, 9, 10, 8, 9, 9, 10, 9, 7, 6, 9, 10]",85.06,9.26,89.85,Balancer
381,Zgcls60,"[3, 2, 6, 6, 4, 7, 4, 6, 8, 6, 6, 4, 6, 7, 7, 5, 6, 6]",64.95,40.97,50.08,Leader
382,Yebaf19,"[7, 8, 10, 8, 9, 10, 10, 6, 8, 8, 6, 8, 8]",88.2,9.78,81.49,Leader
383,Cxhhc41,"[8, 5, 10, 9, 8, 9, 8, 8, 8, 8, 7, 6, 7]",76.18,19.85,70.53,Helper
384,Akmta69,"[4, 2, 4, 4, 3, 4, 5, 5, 2, 2, 5, 2]",49.74,48.24,21.75,Lone Wolf
385,Ramoc19,"[5, 7, 10, 4]",82.06,13.64,81.05,Helper
386,Fqgon26,"[5, 3, 2, 3, 4, 2, 4, 3, 5, 4, 3, 3, 5, 4, 3, 3, 5, 4]",35.28,54.09,7.74,Lone Wolf
387,Xeogm75,"[10, 9, 10, 8, 10, 10, 9, 9, 9, 7]",86.71,18.04,86.37,Helper
388,Gqtkj47,"[6, 2, 4, 5]",39.13,55.76,8.58,Lone Wolf
389,Jhdal68,"[5, 6, 5, 3, 5]",53.89,46.23,28.49,Lone Wolf
390,Cxzff47,"[4, 5, 6, 7, 5, 6, 3, 7]",50.02,38.37,38.79,Lone Wolf
391,Kilgw21,"[5, 2, 6, 5, 5, 3, 3, 5, 6, 4, 1, 4, 4, 5, 6, 4]",43.68,45.25,25.89,Perfectionist
392,Njeca97,"[8, 10, 10, 9, 9, 9, 10, 10, 10]",89.73,9.12,93.58,Balancer
393,Ptdfg19,"[3, 3, 3, 4, 4, 5, 4, 4]",43.99,51.84,16.73,Lone Wolf
394,Dpoze50,"[7, 6, 7, 4, 7, 4, 6, 8, 5, 6, 7]",67.16,29.8,51.16,Leader
395,Aqbui23,"[5, 2, 5, 5, 6, 9, 4, 4, 6, 5, 2, 4, 2, 7, 8]",61.44,29.7,46.24,Lone Wolf
396,Vtmos27,"[9, 5, 7, 9, 10, 6, 8, 8, 8, 7, 3, 9, 7, 5, 7, 8]",78.51,7.64,71.69,Leader
397,Xskpa22,"[4, 1, 5, 5, 3, 4, 3, 4, 6, 5, 4, 4, 5, 4, 2, 3, 4, 4, 3]",32.33,52.03,7.2,Balancer
398,Onthu21,"[8, 9, 9, 7, 9, 7, 8, 5, 7, 8, 6, 10, 8, 8]",81.75,14.23,75.03,Helper
399,Inifs57,"[7, 8, 6, 4, 7, 7, 8, 8]",74.62,28.1,64.56,Helper
400,Risoi11,"[7, 7, 7, 8, 7, 9, 6, 5, 4, 3, 4, 5, 7, 5, 6]",64.73,33.68,49.8,Leader
401,Rjqxz51,"[3, 6, 8, 3, 7, 6, 6]",65.66,33.86,52.6,Helper
402,Hqjtc77,"[8, 3, 8, 4, 7, 3, 5, 4, 5, 5, 2, 4, 5, 5, 3, 8, 7]",54.62,35.78,41.68,Lone Wolf
403,Pjutz62,"[7, 4, 5, 9, 7, 6, 5]",62.58,32.9,47.46,Leader
404,Pnsze19,"[9, 8, 10, 10, 8, 7]",80.38,23.14,71.5,Helper
405,Uahvp70,"[7, 5, 3, 6, 6, 6, 6, 7, 5, 7, 8, 5, 8, 10, 6, 7, 6, 7, 7]",74.06,23.99,66.45,Helper
406,Mjkye42,"[9, 6, 9, 9, 8, 10, 7, 10, 9, 8, 8, 8, 9, 7, 9]",84.15,15.18,88.11,Helper
407,Nyhxb60,"[10, 7, 8, 8, 7, 8, 7, 10, 10, 9, 10, 9]",78.29,19.14,80.5,Helper
408,Qmfib24,"[3, 4, 6, 3, 3, 6, 5, 2, 4, 5, 2, 3, 4, 6, 4, 6, 3, 1, 1]",45.72,51.4,20.46,Genelarist
409,Ugfdq20,"[2, 5, 2, 2, 3, 1, 4, 6, 3, 1, 3, 3, 2, 4, 2, 3]",33.66,60.85,0.81,Lone Wolf
410,Ixqwy43,"[5, 3, 5, 6, 3, 6, 5, 7, 8, 6, 6, 7, 6, 6]",62.56,30.81,43.33,Lone Wolf
411,Vxwjx67,"[5, 6, 4, 4, 2, 4, 3, 5, 3, 1, 2, 1, 3, 3, 3, 2, 2, 2, 3]",41.88,44.15,16.91,Lone Wolf
412,Kadlb44,"[6, 8, 9, 9, 8, 8]",80.59,10.74,80.01,Helper
413,Bikvf42,"[8, 5, 4, 4, 7]",63.9,25.62,51.53,Leader
414,Ltkfj17,"[10, 9, 9, 8, 9, 9, 8, 10, 10, 9, 10]",96.76,0.1,98.88,Helper
415,Sykks98,"[4, 1, 4, 7, 5, 6, 6, 4, 3]",42.35,42.2,21.42,Lone Wolf
416,Guxex70,"[10, 7, 7, 8, 10, 10, 10]",82.91,17.8,85.75,Leader
417,Qqwsl39,"[7, 9, 9, 8, 8, 7, 10, 8, 10, 6, 8]",81.79,22.31,82.06,Helper
418,Sridl43,"[4, 6, 4, 6, 5, 4, 5, 7, 5, 4, 8, 5, 7]",58.03,42.4,36.96,Perfectionist
419,Dnthr65,"[2, 6, 6, 6, 3, 4, 4]",48.71,53.18,22.14,Lone Wolf
420,Mdxqc99,"[5, 0, 2, 2, 5, 4, 5, 3, 3, 3, 3, 1, 6]",37.0,54.65,6.61,Lone Wolf
421,Syhrk59,"[2, 10, 7, 9, 3, 6, 5, 7, 7, 5, 5, 7, 4, 5, 4, 6, 3, 6, 5]",60.49,35.96,51.24,Helper
422,Rhioq44,"[5, 9, 6, 5, 6, 8, 7]",71.25,28.97,59.68,Helper
423,Ujwjn73,"[6, 5, 5, 7, 7, 5, 6, 6, 7, 6, 6, 6, 7, 7, 8, 6, 7]",63.94,32.44,55.63,Helper
424,Pkmur87,"[1, 2, 2, 2, 4, 2, 4, 3]",34.17,62.82,0.0,Balancer
425,Tsrhx25,"[7, 6, 9, 6, 8, 6, 7, 8, 9, 6, 6, 10, 6, 7, 6, 8, 7]",68.63,26.42,66.16,Helper
426,Omhgn33,"[9, 9, 9, 8, 10, 9, 10, 9, 10, 10, 9, 8, 8, 8, 8, 10, 10, 6]",95.19,4.1,95.9,Helper
427,Ddslc14,"[5, 5, 7, 4, 1, 5, 7, 4, 6, 6, 4, 7, 4, 6, 8, 6, 7, 6]",54.94,45.99,37.56,Task finisher
428,Vthsf97,"[3, 5, 1, 7, 6, 3, 4, 5]",40.1,45.04,18.76,Lone Wolf
429,Wsdvd94,"[8, 3, 7, 7, 6, 9, 5, 5, 4, 6, 6, 5, 6, 6, 6, 6, 7, 4, 6]",56.99,36.14,48.09,Lone Wolf
430,Awkmv59,"[6, 6, 5, 9, 6, 8, 7, 8, 8, 7, 8, 7, 10, 5, 10, 6, 6, 6]",81.45,13.66,73.54,Helper
431,Scqkb76,"[5, 3, 4, 4, 3, 0, 3]",40.77,59.87,11.25,Lone Wolf
432,Xpuar14,"[4, 4, 5, 7, 4, 6, 7, 9, 7, 6, 5, 8, 5, 6, 6]",63.46,37.92,50.78,Lone Wolf
433,Aaldo34,"[4, 6, 2, 2, 6, 6, 4, 4, 6, 3, 6, 3, 5, 4, 2, 3, 6, 4, 6, 0]",37.83,46.3,17.96,Lone Wolf
434,Mkjtz28,"[6, 1, 5]",50.03,44.64,24.05,Lone Wolf
435,Vhsmv18,"[5, 6, 5, 5, 5, 4, 4, 5, 4, 2, 4, 3, 4, 1, 2]",42.47,47.18,18.79,Lone Wolf
436,Azkbk13,"[6, 7, 2, 6, 4, 5, 5]",53.32,37.67,39.17,Task finisher
437,Lvxhj85,"[5, 6, 3, 2, 1, 3, 4, 2, 5, 1, 4, 5, 3, 3]",37.06,58.3,11.73,Lone Wolf
438,Mpquv14,"[7, 9, 7, 10, 8, 6, 9, 10, 9, 8, 10, 9, 10, 9]",86.81,4.75,83.19,Helper
439,Wqgpn65,"[2, 6, 7, 5, 6, 6, 4, 8]",61.27,26.2,53.98,Helper
440,Bqzlm41,"[0, 9, 3, 2, 5, 4, 2, 3, 2, 4, 6, 6, 5, 2]",42.76,43.44,19.26,Task finisher
441,Piarh24,"[4, 6, 6, 8, 8, 7, 7, 3, 8, 6, 6]",66.19,34.01,52.27,Leader
442,Suwrp37,"[10, 10, 9, 10, 7, 10, 9, 8, 9]",92.03,6.43,92.16,Helper
443,Agetu61,"[4, 1, 4, 5, 4, 2, 3, 7, 6, 6, 5, 4, 3, 5, 5, 3]",40.01,48.33,14.79,Lone Wolf
444,Dkkur53,"[7, 7, 9, 8, 8, 9]",81.48,20.85,75.57,Helper
445,Anybu49,"[2, 5, 4, 4, 5, 5, 6, 7, 5, 5, 7, 8]",56.05,30.44,41.01,Lone Wolf
446,Gmkuy25,"[4, 4, 5, 5, 7, 4, 6, 3]",52.22,39.84,32.58,Lone Wolf
447,Jctkj83,"[4, 5, 4, 1, 2, 5, 3, 2, 6, 5, 2, 6, 3, 2, 6, 5, 5, 4, 2, 4]",39.18,38.91,20.43,Genelarist
448,Dztto62,"[7, 10, 10, 9, 6, 9, 8, 8, 9, 9, 7, 8, 7, 10, 9, 8, 10, 10]",85.4,8.9,84.79,Leader
449,Xfcah37,"[6, 4, 5, 4, 4, 2, 4]",62.99,32.78,44.22,Task finisher
450,Apdsy79,"[4, 3, 5, 6, 8, 7, 4, 4, 6, 7, 7, 7, 6, 6, 8, 8]",65.81,37.74,55.15,Task finisher
451,Hrijc73,"[7, 8, 6, 8, 7, 7, 7, 9, 5, 6, 7, 5, 7, 9, 8, 7, 6]",75.02,26.87,65.02,Helper
452,Nsxod38,"[5, 6, 4, 4, 4, 7, 2, 5, 4, 4, 7, 5, 3, 6, 5, 1, 5, 5]",46.56,38.21,31.72,Lone Wolf
453,Lpnvp58,"[6, 5, 7, 7, 5, 3, 7, 8, 4, 3, 9, 5, 8, 5, 7, 5]",58.66,41.4,47.62,Leader
454,Jlwsc94,"[4, 4, 2, 2, 4, 3, 0, 2, 3]",38.5,58.55,8.91,Lone Wolf
455,Dvwxb98,"[6, 6, 5, 7, 4, 6, 6, 6, 6, 6, 5, 7, 7, 7, 5, 8, 7, 7, 8]",66.28,33.68,46.4,Genelarist
456,Drszd93,"[8, 10, 5, 9, 8, 8, 9, 7, 5, 7, 7, 7, 6, 8, 9, 6, 6, 9, 7]",70.06,30.6,66.91,Helper
457,Souey67,"[6, 2, 4, 4, 6, 4, 6, 5, 7, 4, 6, 4, 3, 6, 4]",52.46,38.9,42.51,Lone Wolf
458,Qlkpr11,"[7, 9, 10, 8, 8, 8, 10, 10, 9, 10]",96.45,0.1,99.41,Genelarist
459,Cyzmd31,"[6, 3, 6, 7, 5, 7, 7, 4, 6, 4, 5, 8, 4, 4, 7, 7, 7, 4]",58.53,30.99,49.11,Leader
460,Tpnpq88,"[8, 6, 4, 4, 3, 4, 7, 5, 5, 6, 8, 6, 8]",58.49,30.95,49.04,Lone Wolf
461,Joait53,"[3, 4, 4, 4, 3, 7, 7, 4, 6, 6, 6, 5, 2, 2, 7, 2]",50.39,40.57,34.68,Lone Wolf
462,Wurgc45,"[5, 6, 6, 5, 5]",68.5,35.14,54.63,Helper
463,Jphga14,"[5, 6, 8]",76.33,19.4,67.07,Helper
464,Hazfa94,"[1, 3, 1, 3, 4, 2, 0]",38.17,52.05,4.85,Lone Wolf
465,Fiohf61,"[3, 4, 4, 6, 4, 5, 2, 5, 3, 4, 5, 5, 7, 5, 4, 3]",48.97,47.59,23.92,Lone Wolf
466,Pymkm27,"[5, 5, 5, 3, 6, 4]",35.63,41.82,13.13,Lone Wolf
467,Qcwxy43,"[6, 3, 5, 6, 6, 6, 6, 7, 6]",60.84,29.65,56.0,Lone Wolf
468,Xhrca12,"[5, 5, 4, 2, 4, 4, 4, 3, 3, 5, 5, 3]",48.19,45.75,30.74,Lone Wolf
469,Pvjbo24,"[5, 2, 7, 6, 5, 4, 3, 5, 2, 6, 7, 5, 5]",56.89,38.71,38.44,Task finisher
470,Kfara10,"[10, 8, 10, 8, 8, 10, 10, 9, 10, 9, 10, 10, 8, 7]",87.46,13.99,94.14,Leader
471,Ayugu49,"[5, 7, 5, 5, 5, 5, 3, 4, 3, 4, 6, 6, 3, 4, 4, 5, 7, 4, 6]",52.29,38.41,32.65,Lone Wolf
472,Qllyy26,"[9, 4, 9, 6, 7, 8, 8, 10, 5, 8, 9, 6, 9, 7, 7, 8, 6]",72.98,25.89,66.82,Leader
473,Cwfqd10,"[4, 5, 3, 5, 4, 6, 4, 6, 5]",43.78,51.29,22.43,Lone Wolf
474,Zlqqc44,"[6, 5, 4, 4, 6, 9, 4, 5, 7, 6, 5, 6, 3, 6, 6, 8]",60.99,29.93,40.72,Lone Wolf
475,Oljys87,"[8, 5, 7, 8, 4, 5, 7, 3, 4, 4, 6, 5, 4, 3, 7, 6]",56.29,43.89,44.42,Genelarist
476,Vyxrk89,"[5, 5, 6, 7, 8, 7, 5, 5, 4, 4, 5, 6, 6, 7, 3, 4, 8]",61.36,34.8,45.95,Leader
477,Filuk57,"[4, 5, 3, 3, 3, 4, 3, 4, 5]",37.79,54.52,16.34,Lone Wolf
478,Vqxjz61,"[5, 5, 3, 5, 5, 3, 6, 5, 5, 3, 4, 7]",47.4,50.02,29.71,Balancer
479,Jcqvk84,"[6, 6, 7, 7, 5, 10, 7, 8, 9, 6, 6, 8, 6, 5, 4, 8, 7, 8, 7, 10]",71.7,22.95,64.98,Helper
480,Ndfhg95,"[5, 5, 7, 6, 6, 5, 7, 6]",61.6,31.16,49.99,Leader
481,Uwglm77,"[7, 6, 7, 8]",72.88,31.91,69.81,Helper
482,Vdrxa89,"[7, 3, 5, 5, 4, 8, 6, 6, 6]",50.72,38.58,38.47,Lone Wolf
483,Rmxis36,"[5, 5, 2, 4, 2, 4, 5, 3]",41.88,46.92,17.79,Lone Wolf
484,Qkazu77,"[8, 8, 10, 9, 6, 6, 10, 10, 10]",85.13,10.01,87.99,Helper
485,Nftrw60,"[10, 9, 8, 7, 10]",81.75,13.14,88.91,Helper
486,Lzmzz40,"[8, 7, 9, 6, 6, 6, 6, 8, 9, 7, 7, 9, 7, 8, 9]",76.93,18.47,80.38,Helper
487,Wgnta74,"[8, 6, 8, 8, 8, 10, 10, 8, 10, 8, 9, 10, 9, 10, 7, 10]",90.55,9.35,96.39,Helper
488,Bimsd48,"[7, 5, 9, 4, 5, 6, 6, 6]",63.32,35.69,52.53,Leader
489,Itmgw23,"[8, 7, 7, 8, 8, 7, 6, 8, 8]",89.79,15.86,87.98,Leader
490,Cyokt30,"[7, 9, 6, 10]",80.34,12.96,86.83,Helper
491,Ocpld59,"[2, 4, 3, 2, 1, 1, 4, 2, 4, 5, 2, 3, 4, 5]",41.22,65.1,9.17,Lone Wolf
492,Zhvrz95,"[7, 7, 5, 9, 6, 6, 8, 8, 8, 8, 6, 5, 6]",67.99,19.61,61.69,Leader
493,Israa55,"[10, 10, 9, 9, 7, 9]",87.12,14.21,90.45,Helper
494,Pxjrj38,"[7, 8, 9, 9, 6, 7, 6, 8, 8, 6, 8, 8]",83.22,23.25,80.87,Leader
495,Kohwq73,"[2, 5, 3, 3, 3, 2, 4, 0, 5, 2, 0, 1]",35.84,67.74,3.26,Perfectionist
496,Hqbes28,"[8, 9, 6, 6, 6, 5, 6, 5, 6, 4, 5, 5]",61.14,26.25,54.41,Balancer
497,Kwsrd30,"[7, 8, 9, 4, 5, 10, 2, 7, 4, 8, 6]",62.73,32.41,52.72,Helper
498,Ypytv96,"[5, 1, 3, 3, 3, 4, 5, 2, 4, 1, 5, 6, 6, 3, 3, 5, 4, 3, 3, 4]",38.36,55.99,14.14,Lone Wolf
499,Msewe88,"[8, 5, 6, 7, 7, 7, 7, 9, 10, 7, 10, 9, 6, 8, 7, 8]",72.73,17.79,70.13,Task finisher
500,Glyky54,"[6, 6, 7, 7, 7, 7, 6, 6, 8, 7, 5, 6, 6]",60.96,29.95,51.62,Perfectionist
501,Zlcqw87,"[8, 6, 6]",62.83,35.87,47.76,Helper
502,Wigkt97,"[8, 8, 9, 10, 9, 6, 7, 10, 8, 9, 10, 10, 7, 8, 8, 8, 9, 10, 10, 8]",82.19,8.81,88.53,Helper
503,Whgcz10,"[10, 9, 9, 9, 10, 6, 8, 7, 9, 7, 10, 7, 7, 7, 9, 9, 8, 7, 8]",86.56,16.39,83.5,Helper
504,Mibhg54,"[5, 7, 8, 7, 6, 7, 4, 4, 5, 3, 6, 5, 4, 3]",47.62,43.72,27.5,Lone Wolf
505,Gbabn11,"[8, 9, 7, 10, 8, 8, 10, 10, 10, 9, 9, 10, 10, 9, 10, 10, 10, 8]",88.34,7.8,99.99,Balancer
506,Uznpf50,"[3, 6, 2, 2, 4, 3, 4, 1, 2, 1, 3, 3, 3, 3, 2, 0, 3]",29.94,52.22,2.72,Lone Wolf
507,Btaid16,"[4, 4, 7, 5, 4, 4, 5, 5, 5, 6, 5, 3, 5]",47.65,43.55,28.33,Lone Wolf
508,Nzuct70,"[8, 3, 6, 7, 5, 4, 8, 4]",50.36,39.53,33.22,Lone Wolf
509,Wqwqe71,"[7, 6, 4, 4, 5]",55.71,31.82,43.55,Leader
510,Tyagv46,"[10, 9, 5, 9, 10, 9, 7, 7, 8, 9, 8, 7, 10, 9, 9]",83.22,20.14,76.49,Helper
511,Ckqqp56,"[7, 5, 8, 6, 5, 6, 4, 7, 6]",58.54,35.7,47.67,Helper
512,Kiavm20,"[7, 8, 6, 7, 5, 10]",79.12,18.07,77.1,Balancer
513,Zvzts46,"[2, 5, 0, 8, 3, 4, 3]",42.73,36.36,23.56,Lone Wolf
514,Dyxiv63,"[6, 9, 8, 4, 5, 9, 8, 6, 7, 7, 9, 4, 6, 8, 5, 7, 9, 8, 7]",67.81,21.17,62.7,Helper
515,Dtkwo37,"[7, 9, 9, 9, 6, 5, 7, 9, 4, 10]",76.0,17.91,72.48,Helper
516,Kxptr88,"[4, 5, 5, 7, 6, 6, 6, 6, 5, 4]",50.57,45.77,34.66,Lone Wolf
517,Ddmzb48,"[6, 10, 9, 9, 9, 10, 10, 9, 8, 8, 7, 9, 10, 9, 9, 10, 10]",90.55,8.22,95.87,Helper
518,Twhce85,"[8, 6, 6, 4, 6, 4, 8]",68.89,29.76,55.47,Helper
519,Jqxfw51,"[2, 6, 2, 4, 4, 2, 7, 4, 3, 2]",48.85,42.91,25.41,Lone Wolf
520,Dewav92,"[4, 1, 5, 3, 3]",40.04,48.98,21.54,Lone Wolf
521,Aihhv47,"[10, 7, 7, 8, 8, 8, 10]",88.99,12.04,92.36,Leader
522,Oryhw99,"[9, 8, 9]",87.46,17.4,91.7,Task finisher
523,Rcera24,"[7, 5, 5, 7, 6, 8]",66.15,28.06,58.59,Leader
524,Wwoqv37,"[4, 7, 8]",67.39,35.84,55.01,Leader
525,Kgmgm49,"[6, 8, 7, 5, 5, 9, 8, 8, 7, 7, 7, 9]",80.16,23.72,73.19,Helper
526,Zpibo86,"[5, 5, 8, 6, 3, 7, 6, 6, 7]",61.7,37.9,43.27,Lone Wolf
527,Iqbxn99,"[8, 6, 9, 9, 6, 5, 10, 7, 5, 6, 8]",73.86,19.63,62.16,Leader
528,Yuajo98,"[6, 3, 5, 7, 6]",62.26,36.75,53.7,Leader
529,Njlzx28,"[9, 4, 6, 6, 8, 5, 6, 7, 10, 7, 7, 6]",69.43,27.9,60.61,Helper
530,Otcjm48,"[2, 6, 4, 1]",45.8,61.92,19.64,Lone Wolf
531,Cqxlj98,"[3, 4, 4, 3, 4, 5, 7, 4, 6, 6, 4, 2, 4, 3, 2, 4]",40.08,43.19,18.34,Lone Wolf
532,Zcpcp40,"[7, 7, 6, 5, 4, 7, 6, 4, 6, 10, 6, 6, 7, 6, 5, 6, 4, 8, 7]",65.39,25.59,57.46,Genelarist
533,Dyulv80,"[9, 5, 10, 4, 7, 6]",86.55,2.72,83.71,Helper
534,Jimvp76,"[6, 8, 5, 6, 4, 5, 7, 8, 8, 6, 6]",67.76,33.91,58.24,Leader
535,Pelpl18,"[4, 6, 6, 2, 6, 6, 5, 6, 3, 4, 7, 6, 2]",47.2,39.16,31.55,Lone Wolf
536,Rdwgj24,"[7, 8, 5, 10, 10, 10, 10, 9, 9, 10, 10, 10, 9, 7, 9, 10, 10, 10, 10, 6]",94.67,9.15,96.28,Balancer
537,Jtxtk75,"[7, 6, 7, 7, 6, 6]",65.14,37.3,51.77,Helper
538,Cpbqh78,"[5, 7, 7, 8, 4, 6, 8, 6, 7, 4, 6, 8, 10]",59.15,30.65,50.25,Leader
539,Yqosg52,"[10, 8, 10, 8, 9, 9, 10, 8, 9, 9, 10]",91.55,14.38,90.51,Helper
540,Xjjai41,"[10, 8, 9, 5, 8, 7, 8, 9, 8, 9, 9]",84.24,18.16,90.46,Perfectionist
541,Yreig66,"[1, 0, 4, 4, 2, 5, 1, 2, 1, 3, 3, 2]",30.56,65.01,1.24,Lone Wolf
542,Vlrwr69,"[2, 0, 5, 1]",36.78,47.72,11.0,Lone Wolf
543,Ereii40,"[4, 5, 6, 5, 5, 4]",49.14,42.24,29.24,Lone Wolf
544,Rdaso44,"[8, 7, 7, 8, 6, 8, 6, 5, 6, 8, 6, 5, 5, 7, 6, 8, 6]",71.4,25.5,56.27,Helper
545,Hdkxc95,"[3, 6, 1, 2, 4, 4, 4, 2, 5, 3]",34.97,57.36,10.55,Lone Wolf
546,Cedgn53,"[6, 5, 3, 7, 7, 4, 4, 7, 6, 6, 3, 6, 3, 5, 6, 6, 2, 4, 7, 5]",57.06,43.84,39.95,Leader
547,Uwwwj43,"[5, 6, 3, 6, 3, 4, 5]",44.43,44.77,19.41,Lone Wolf
548,Yczvv12,"[4, 4, 6, 2, 6, 4, 6, 4, 4]",39.76,51.37,14.36,Perfectionist
549,Hbxsh33,"[2, 6, 2, 6, 4, 2, 4, 2, 4, 3, 6, 1, 4]",35.31,55.37,18.02,Balancer
550,Ycgvo16,"[0, 5, 4, 1, 4, 4, 0, 3, 4, 5, 3, 4, 4, 0, 2, 4]",35.21,63.82,11.49,Lone Wolf
551,Noytx90,"[6, 5, 4, 6, 3, 7, 9, 7, 6, 5]",62.31,24.38,54.91,Perfectionist
552,Envxp80,"[5, 6, 6, 3, 4, 7, 2, 3, 2, 3]",52.95,42.41,27.11,Lone Wolf
553,Mrdwe11,"[8, 8, 9]",90.26,4.75,89.72,Helper
554,Dphfx80,"[9, 8, 10, 7, 8, 6, 9, 6, 8, 6, 7, 9, 9]",77.38,5.5,74.61,Leader
555,Cfnva24,"[9, 9, 6, 7, 8, 6, 6, 8, 10, 8, 8, 6]",75.49,25.19,68.88,Helper
556,Jeypx43,"[6, 8, 7, 8, 6, 6, 7, 6, 7, 5, 8, 6]",69.25,29.17,51.15,Helper
557,Fzgck98,"[3, 1, 2, 2, 5, 2]",31.53,51.33,0.71,Task finisher
558,Llupn53,"[2, 2, 3, 6]",42.39,38.0,21.91,Lone Wolf
559,Ubrzx43,"[7, 7, 9]",77.82,18.87,77.46,Helper
560,Gualt74,"[2, 5, 4, 3, 3, 4, 5, 6, 5, 6, 6]",47.61,51.0,22.14,Lone Wolf
561,Kcvlz55,"[9, 3, 8, 6, 3, 6, 4, 5, 2, 4, 4, 7, 2, 4, 4, 2, 5, 5, 4]",55.65,43.57,34.55,Lone Wolf
562,Ybpgs73,"[8, 5, 6, 7, 5, 5, 9, 8, 7]",77.14,21.33,71.35,Balancer
563,Qhoda29,"[6, 8, 10, 9, 10, 9, 6, 10, 9, 9, 10]",91.05,7.91,85.86,Helper
564,Ghtyf60,"[4, 4, 3, 6, 4, 5, 6, 6, 6, 3, 5, 3, 7, 5, 6, 6, 6, 3, 7, 6]",57.36,34.26,47.63,Lone Wolf
565,Odyln75,"[5, 5, 6, 5, 5, 5, 6, 7, 5, 8]",58.72,40.59,48.6,Lone Wolf
566,Nrnyb31,"[5, 2, 1, 6, 6, 2, 6, 6, 5, 6, 4, 4, 5, 6, 4, 4]",46.85,46.7,30.85,Lone Wolf
567,Aacml79,"[10, 6, 10, 7, 7, 8, 7, 8, 7, 7, 8, 10, 10, 6, 6, 10, 10, 7]",81.35,18.89,79.29,Helper
568,Zjapr23,"[4, 8, 6, 5, 5, 7, 6, 4, 6, 5, 7]",59.05,43.38,40.86,Leader
569,Ftvpe81,"[10, 10, 9, 8, 8, 10, 10, 9, 10]",90.52,10.98,99.72,Helper
570,Zkefl62,"[10, 10, 9, 6, 10, 7, 10]",90.77,2.25,91.45,Helper
571,Kjzjy35,"[5, 4, 3, 5, 1, 5, 3]",53.35,41.37,30.21,Lone Wolf
572,Bafuj78,"[1, 4, 2, 5, 6, 4, 3, 4, 3, 4, 4, 3, 4, 3, 3, 0, 3, 2, 4]",32.79,52.68,6.64,Lone Wolf
573,Sxeap28,"[8, 10, 8, 9, 9, 10, 7, 10, 10, 10, 8, 9, 9, 9, 8, 10, 8, 7, 10, 9]",86.85,4.24,88.16,Helper
574,Vujow34,"[7, 2, 5, 3, 5, 3, 2, 1, 4, 2]",34.01,47.08,12.64,Lone Wolf
575,Sbavh34,"[6, 3, 4, 6, 5, 2, 6, 4, 6, 4, 3, 6, 5, 6, 4, 8, 6]",45.88,48.17,24.5,Lone Wolf
576,Ziuzv14,"[3, 3, 5, 3, 6, 2, 5, 3, 7, 2, 4, 3, 4, 4, 5, 3, 4]",43.49,45.4,17.75,Lone Wolf
577,Rtees72,"[2, 5, 3, 3, 4, 5, 4, 5, 4, 2, 3, 4, 3, 4, 3, 3]",38.47,54.44,18.68,Lone Wolf
578,Jfsgf53,"[7, 10, 9, 9, 8, 10, 9, 7]",96.94,0.1,99.24,Leader
579,Cfhkf36,"[3, 3, 7, 3, 4, 3, 5]",42.8,56.99,11.52,Lone Wolf
580,Xhbsh62,"[8, 8, 6, 3, 3, 7, 4, 6, 6, 4, 5, 10, 7, 4, 7, 5, 6, 9, 2, 8]",59.95,42.41,43.21,Lone Wolf
581,Gbnpf58,"[4, 7, 4, 3, 4, 3, 6, 2, 7, 5, 3, 4, 6, 4]",54.53,37.32,36.09,Lone Wolf
582,Wacrq49,"[7, 7, 8, 7, 5, 8, 7, 7, 5]",72.93,17.48,69.7,Helper
583,Ncxzo26,"[7, 6, 6, 5, 8, 7, 8]",67.03,22.5,63.9,Helper
584,Uhste54,"[4, 2, 3, 3, 4, 1, 2, 3, 1, 4, 1]",40.78,46.99,12.7,Lone Wolf
585,Zdzso78,"[8, 8, 9, 7, 7, 8, 8, 10, 9, 7, 6, 9, 5, 8, 9, 7, 10, 6]",79.89,15.95,80.71,Helper
586,Jpwzm17,"[6, 4, 3, 3, 4, 5, 4, 2, 2, 3, 2, 4, 3, 3]",34.26,44.19,10.53,Lone Wolf
587,Crkno23,"[7, 9, 8, 6, 6]",74.66,8.22,75.55,Helper
588,Qwbqz84,"[7, 9, 4, 10, 9, 10, 10, 8, 8, 8, 9, 7, 8, 8, 7, 9, 10]",82.78,16.17,83.01,Helper
589,Tlbqg51,"[8, 7, 8, 9, 9, 8, 9, 10, 10]",85.16,13.61,83.12,Helper
590,Pptmj96,"[10, 7, 10, 10, 10, 9, 10, 10]",83.82,9.36,89.46,Leader
591,Kigdr44,"[4, 2, 5, 4, 4, 5]",57.98,45.2,37.96,Lone Wolf
592,Twber51,"[10, 9, 9, 7, 10, 10, 9, 8, 9, 8, 9, 5, 9, 8, 5, 7, 6, 8, 7, 8]",82.09,20.32,76.77,Leader
593,Badao58,"[4, 5, 4, 2, 3, 5, 3, 3, 6, 2, 6, 7, 5, 4, 2, 1, 2]",39.56,45.23,11.55,Lone Wolf
594,Ogchn77,"[10, 10, 10, 10, 9, 10]",87.77,10.56,93.35,Leader
595,Lzmxo87,"[3, 6, 4, 5, 5, 2, 5, 6, 6]",42.16,46.83,28.77,Lone Wolf
596,Irfff30,"[6, 6, 6, 5, 6, 3, 2, 8, 5]",51.28,35.95,40.57,Leader
597,Wzkoq15,"[6, 7, 5, 4, 6, 7, 6, 3, 4, 9, 7, 5, 6, 5, 6, 3, 8, 6, 5, 6]",56.73,30.57,47.34,Helper
598,Mwzsa36,"[1, 4, 1, 4, 6, 5, 4, 4, 4]",34.29,49.84,9.29,Lone Wolf
599,Ryzoc78,"[8, 8, 10, 7, 9, 8, 9, 10, 10]",85.29,8.39,92.35,Leader
600,Qzxib39,"[6, 4, 4, 3, 7, 3]",47.91,40.15,33.63,Lone Wolf
601,Xaeor16,"[4, 3, 5]",32.93,55.61,11.61,Lone Wolf
602,Ajutu36,"[7, 6, 7, 7, 7, 7, 6, 8, 5, 7, 6, 6, 9, 7, 8]",75.9,24.92,63.05,Leader
603,Qkifa16,"[8, 4, 4, 3, 5]",48.97,45.76,32.72,Lone Wolf
604,Xllke92,"[8, 9, 10, 10, 6, 10, 9]",88.49,12.16,86.77,Task finisher
605,Zoknv99,"[7, 6, 8, 6, 5]",65.7,23.48,56.74,Helper
606,Sgwfb36,"[1, 3, 2, 6, 4, 6, 7, 5, 6, 7, 3, 5, 8, 6, 7]",54.38,38.88,31.58,Lone Wolf
607,Dspyc42,"[6, 2, 4, 5, 4, 4, 4, 5, 6, 1]",40.99,47.82,10.97,Lone Wolf
608,Mydfe22,"[4, 3, 2, 3, 2, 3, 5, 4, 0, 2, 1, 0, 3, 4, 4, 5]",27.5,52.15,0.0,Lone Wolf
609,Jnzsz62,"[7, 4, 6, 7, 9, 7, 10, 7, 9, 6, 7, 5, 5, 6, 6, 4, 8]",77.91,18.24,67.14,Helper
610,Wiidw63,"[8, 6, 6, 10, 7, 7, 8, 10, 8, 8, 5, 9, 10, 9, 8, 9]",83.93,11.57,86.88,Perfectionist
611,Szrvp67,"[10, 8, 10, 8, 9, 7, 9, 10, 10, 9, 10, 10, 9, 7, 8, 9]",95.79,6.1,97.98,Helper
612,Kbubf75,"[5, 10, 8, 10, 7, 9, 10, 9, 8, 10, 10, 8, 7]",88.57,2.83,85.31,Helper
613,Oihwp31,"[4, 6, 6, 8, 6, 7, 7, 5, 8, 4, 4]",62.18,44.06,53.29,Lone Wolf
614,Zeffy95,"[1, 4, 3, 4, 4, 4, 3, 2, 3, 7, 7, 2, 1, 5, 3, 4, 4, 6, 7, 6]",48.14,57.13,26.17,Balancer
615,Tevnd74,"[4, 6, 6, 4, 4, 5, 4, 1, 3, 3, 2]",43.09,50.61,19.0,Lone Wolf
616,Bgrzb98,"[4, 5, 3, 5, 5, 4, 5]",50.42,43.09,39.27,Task finisher
617,Gvzwf71,"[8, 6, 8, 7, 5, 3, 3, 6, 5, 6, 6, 7, 6, 8]",58.29,30.27,47.82,Lone Wolf
618,Pmpcv82,"[9, 7, 9, 7, 7]",93.8,16.95,96.63,Helper
619,Ayhhz66,"[3, 4, 2, 4, 5, 4, 5, 6, 2, 4, 3]",40.93,52.49,16.1,Lone Wolf
620,Yrnse35,"[5, 6, 6, 5, 3, 5, 5, 3, 2, 2, 6, 5, 1, 6, 6]",49.71,52.78,22.38,Perfectionist
621,Jcqdk64,"[10, 6, 8, 10, 9, 10, 10]",91.54,9.53,98.61,Genelarist
622,Axiql72,"[7, 8, 10, 10, 10, 10, 10, 10]",90.93,6.96,93.99,Task finisher
623,Zyvpw53,"[4, 7, 1, 2, 3, 2, 2, 3, 2, 5, 2, 2]",35.3,67.07,3.83,Lone Wolf
624,Rbxsx25,"[9, 7, 8, 10, 8, 7, 10, 10, 7, 10, 10]",96.14,11.1,97.05,Helper
625,Pqqfd14,"[7, 10, 10, 10, 8, 10]",89.36,7.76,95.85,Helper
626,Wygth70,"[3, 5, 1, 1, 2, 2, 3, 4, 5, 4, 3, 2]",38.6,39.69,17.29,Lone Wolf
627,Lbdpn29,"[10, 8, 7, 8, 7]",80.74,14.88,86.52,Helper
628,Zhszl96,"[8, 9, 10, 10, 9, 10, 10, 9]",95.21,0.99,97.27,Task finisher
629,Lricl68,"[3, 0, 3, 4, 3, 4, 2, 2, 2, 2, 4, 2, 3, 2, 6, 4, 3, 0, 5, 3]",32.16,55.43,3.67,Lone Wolf
630,Gbuzs97,"[10, 10, 10]",80.98,17.59,85.48,Helper
631,Dijtj65,"[8, 5, 7, 10, 5, 8]",62.83,22.04,54.66,Leader
632,Xcywu92,"[2, 4, 5, 2, 5, 7]",44.88,44.44,18.3,Lone Wolf
633,Wrjip48,"[4, 5, 3, 6]",58.68,38.53,37.4,Lone Wolf
634,Ofznj43,"[3, 4, 4, 4, 6, 4, 1, 1, 5, 5, 5]",42.22,48.4,13.24,Lone Wolf
635,Bxftk48,"[6, 6, 6, 6, 6, 7, 5, 4, 5, 4, 6, 2, 5, 6, 6, 9]",55.19,39.47,41.87,Lone Wolf
636,Ybbwd86,"[8, 8, 8, 7]",81.76,23.23,74.9,Helper
637,Tpibz80,"[7, 9, 9, 10, 7, 7, 10, 10, 9, 9, 9, 10, 8, 9, 7, 7, 7, 8, 7, 10]",85.51,5.01,91.1,Helper
638,Ugbyj74,"[8, 9, 10, 9, 8, 7, 9, 10, 9]",89.31,11.12,94.2,Helper
639,Zdzis41,"[7, 2, 4, 4, 5, 4, 4, 2, 6, 5, 2, 5]",43.88,47.05,24.44,Lone Wolf
640,Efoii26,"[4, 5, 8, 6, 7, 4, 7, 4, 7]",67.21,25.13,56.2,Leader
641,Mlqie51,"[8, 8, 6, 9, 9, 9, 9, 8, 7, 6, 10, 8, 9, 10, 7, 6, 8, 10, 8]",81.31,11.96,84.27,Leader
642,Liary85,"[6, 5, 3, 8, 6, 6]",61.95,30.1,43.49,Task finisher
643,Hzbqf71,"[9, 5, 8, 8, 10, 10, 8, 9, 9, 8, 8, 8, 10]",85.23,1.58,90.11,Helper
644,Mujdc43,"[8, 5, 7, 7, 7, 7, 8, 6, 7, 7, 6, 7, 4, 7]",75.0,29.46,63.21,Helper
645,Bbjfb77,"[6, 10, 7, 7]",72.6,26.48,63.63,Leader
646,Shjjn43,"[4, 4, 4, 5, 3, 4, 3, 7, 5, 6, 4, 6, 7, 4, 6]",54.18,28.03,38.38,Lone Wolf
647,Pkyyp29,"[4, 2, 4, 4, 2, 2, 3, 3, 7, 3, 2, 4, 5]",37.75,51.96,17.46,Lone Wolf
648,Zdmxr14,"[7, 10, 7, 7, 9, 10, 9, 8, 10, 10, 10, 8, 9, 8, 9]",89.4,0.1,98.1,Helper
649,Vjjas76,"[7, 8, 8, 8]",80.32,13.09,76.93,Helper
650,Fqnvo28,"[1, 5, 5, 4, 3, 6, 6]",52.32,50.89,28.6,Lone Wolf
651,Bfdqc94,"[6, 6, 8, 5]",58.08,30.08,44.84,Helper
652,Cehoc37,"[7, 7, 8, 5]",71.9,26.13,58.58,Helper
653,Pzoop32,"[7, 7, 6, 7, 6, 7, 6, 6, 5, 7, 8]",65.72,23.34,57.21,Helper
654,Gtsla69,"[1, 5, 3, 1, 5, 0, 2, 5, 4, 2, 2, 1, 3, 3, 2, 6]",34.08,54.15,0.0,Lone Wolf
655,Mdmvu84,"[9, 7, 10, 6, 7, 8, 7, 9, 8]",81.62,12.13,84.44,Helper
656,Qzfrf37,"[5, 4, 2, 2, 4, 5]",36.87,46.17,12.59,Lone Wolf
657,Gktgv55,"[4, 2, 5, 1, 4, 3, 3, 2, 3, 4, 2, 2]",31.27,58.88,4.92,Lone Wolf
658,Pzirp90,"[3, 3, 5, 6, 4]",37.01,54.42,11.57,Lone Wolf
659,Zlhdb14,"[5, 5, 4, 6, 5, 6, 4, 6, 6, 5, 4, 3, 7, 2, 8, 6, 6, 3, 7, 9]",62.08,30.53,43.59,Lone Wolf
660,Xuoag49,"[6, 5, 7, 3, 2, 4]",57.37,42.79,44.58,Lone Wolf
661,Zmmsb89,"[2, 5, 4, 1, 0]",35.47,62.52,7.82,Lone Wolf
662,Hieio78,"[9, 10, 5, 9, 7, 9, 8, 8, 8, 10, 8, 5, 10, 7, 8, 10]",85.74,6.82,78.27,Leader
663,Mngsx74,"[6, 7, 6, 8, 9, 9, 7, 8, 4, 7, 8, 7, 7, 7, 6, 6, 5, 6, 7]",65.31,28.36,58.49,Leader
664,Lucgn39,"[3, 4, 6, 3, 2, 3, 3, 3, 3, 4, 4, 2, 3, 4, 4, 6]",41.97,55.22,14.17,Lone Wolf
665,Yidot48,"[9, 10, 10, 10, 10, 8, 10, 8, 7, 10, 8, 9, 9, 10, 8, 8]",97.01,3.97,99.6,Helper
666,Jfcbj64,"[6, 8, 9, 10, 8, 10, 10, 9, 10, 9, 8, 8, 10, 9, 10]",89.26,12.32,93.23,Balancer
667,Hlhld64,"[5, 4, 5, 5, 4, 5]",61.83,30.56,47.09,Balancer
668,Ikbmy79,"[3, 3, 3, 4, 4, 4, 3, 2, 4, 4, 3, 3, 3, 4, 3, 5]",38.84,59.79,12.01,Lone Wolf
669,Aeebb75,"[5, 6, 6, 8, 7, 4, 6, 5, 6, 4, 7, 4]",57.99,37.56,43.88,Leader
670,Tefyv24,"[8, 6, 7]",73.63,25.03,68.17,Perfectionist
671,Jhqky65,"[6, 8, 8, 6, 4, 5, 5, 8]",69.56,28.92,57.35,Helper
672,Brajs16,"[10, 10, 6, 6, 8, 9, 10, 8]",94.05,5.18,94.4,Leader
673,Visgy30,"[9, 7, 9, 7, 8, 5, 9, 8, 6, 9, 10, 10, 9, 10, 8, 8, 10, 10, 7]",88.93,0.1,90.05,Helper
674,Fcuvc78,"[8, 8, 9, 9]",84.97,13.87,82.42,Helper
675,Icolc44,"[6, 6, 8, 4, 8, 6, 5, 7, 4, 3, 6, 9, 7, 9, 8, 5, 8, 5]",62.4,32.87,41.98,Helper
676,Lhlow86,"[4, 4, 6, 5, 4, 5, 4, 3, 3, 3, 2, 2, 5, 5, 3, 3]",39.88,54.61,9.71,Lone Wolf
677,Yeqsw32,"[5, 5, 5, 4, 4, 7, 6, 3, 4, 4, 4, 3, 5, 4, 5]",49.79,41.24,28.76,Lone Wolf
678,Vuceh84,"[9, 10, 7, 10, 9, 10, 6, 7, 7, 8, 8, 6, 8, 8, 8, 8, 6, 7, 6, 6]",76.96,21.22,73.61,Helper
679,Yjlbp65,"[7, 7, 5, 4, 3, 4, 5, 6, 4, 6, 5, 3, 6, 6, 6, 4, 7, 8]",50.08,38.16,34.73,Lone Wolf
680,Yixcn97,"[6, 4, 6, 8, 7, 5, 6, 6, 7, 4, 2, 8, 5]",58.11,32.56,38.14,Lone Wolf
681,Afxhq69,"[9, 7, 6, 8, 7, 7, 7, 8, 5, 7, 6, 10]",78.9,11.84,73.13,Leader
682,Xcuwc19,"[7, 3, 6, 3, 7, 3, 5, 3, 0, 4, 3, 1, 4, 3, 3, 4, 4, 7, 3]",39.18,43.41,15.49,Lone Wolf
683,Jyncd21,"[1, 2, 1, 5, 0, 2, 3, 4]",35.73,63.65,0.92,Lone Wolf
684,Asdyf15,"[4, 2, 7, 3, 2, 2, 2, 3, 4, 5, 4, 1, 3, 3, 2, 1, 5, 4, 6, 2]",32.45,57.71,8.76,Balancer
685,Sqtjc40,"[8, 9, 10, 10, 9, 9, 7, 8, 9, 10, 8, 8, 10]",94.52,15.66,94.99,Helper
686,Gwtiu30,"[2, 4, 4, 3, 4, 4, 1]",39.87,63.21,6.19,Genelarist
687,Lzbip74,"[9, 9, 10, 9, 8, 5, 6, 6, 10, 7, 10, 9, 8, 7, 6, 10, 8, 8, 10]",87.06,19.02,82.32,Genelarist
688,Ztwwn43,"[4, 4, 3, 7, 5, 2, 4, 3, 2, 2, 2, 3, 3, 4, 1, 3, 3, 4]",40.38,65.5,10.84,Lone Wolf
689,Izwor86,"[5, 7, 6, 7, 6, 7, 6, 8, 9, 6, 6, 9, 6, 5, 6, 8, 8, 6, 7, 5]",67.79,19.56,61.85,Helper
690,Txfwa87,"[5, 0, 4, 5, 4]",38.42,50.69,15.36,Task finisher
691,Vumgz76,"[7, 9, 8, 8, 7, 10, 6, 8, 8, 6, 9, 5, 7, 10, 8, 6, 10, 6, 8, 10]",77.75,27.21,69.35,Balancer
692,Ilfwr85,"[3, 1, 2, 1, 1, 3, 0]",26.5,64.17,1.84,Lone Wolf
693,Llvli53,"[7, 4, 6]",40.09,47.17,20.5,Lone Wolf
694,Cilia23,"[4, 5, 6, 9, 7, 5, 5, 5, 2, 7, 4, 4, 5, 3, 6, 4, 7]",60.54,34.67,40.11,Perfectionist
695,Xmkzl69,"[6, 6, 7, 6, 4, 5, 7, 6, 5, 4, 5, 6, 5, 9, 4, 5, 5, 5]",50.58,36.14,36.47,Perfectionist
696,Cokrf17,"[6, 8, 7, 3, 6, 6, 5, 7]",68.65,29.82,60.35,Helper
697,Wpowh77,"[9, 4, 10, 5, 6, 7, 6, 8, 7, 9, 6, 8, 9, 10, 5, 7, 7, 8]",77.38,18.31,67.24,Helper
698,Qnxkj83,"[1, 3, 6, 5, 6, 4, 4, 1, 3, 6, 2, 4, 4, 6, 3, 5, 2, 2, 4]",44.13,50.05,16.65,Lone Wolf
699,Ovcrd37,"[6, 6, 8, 9]",71.71,29.21,68.96,Perfectionist
700,Tkqdu55,"[8, 8, 5, 5, 5]",71.94,25.33,60.23,Helper
701,Yaglx38,"[10, 9, 10, 8, 8, 7, 6, 7, 9, 9, 10, 6, 8, 9, 7, 10, 10, 10]",85.77,17.81,83.6,Helper
702,Gtshr80,"[10, 10, 9, 7, 8, 8, 10, 9]",94.91,5.59,95.35,Perfectionist
703,Mucbo20,"[7, 9, 9, 7, 9, 7, 8, 7, 6]",81.32,27.62,74.71,Leader
704,Cgqsl49,"[3, 3, 7, 2, 3, 6, 3, 5, 3]",47.76,46.13,19.32,Lone Wolf
705,Mayui72,"[1, 4, 3, 3, 3, 3, 3, 1, 2]",37.86,53.82,12.2,Lone Wolf
706,Swfap93,"[6, 6, 6, 7, 6, 8, 7, 8, 6, 6, 7, 9, 7, 8, 9, 5]",67.84,24.01,62.98,Helper
707,Qyqdr67,"[10, 9, 10, 9, 9, 10, 10, 10, 10, 10, 9]",91.59,3.95,96.97,Helper
708,Bmegf14,"[6, 6, 7, 6, 7, 8, 9, 9, 7, 3, 7, 9, 5]",74.21,33.84,58.9,Helper
709,Qieid57,"[4, 6, 5, 7, 5, 7, 5, 6]",58.68,39.46,46.21,Lone Wolf
710,Idjte30,"[3, 3, 0, 3, 1, 2, 4, 1, 4, 3, 2, 3, 3]",37.68,56.72,9.32,Lone Wolf
711,Cnlvb56,"[7, 6, 7, 3, 3, 6, 4, 5, 4, 7, 4]",54.46,39.44,42.82,Lone Wolf
712,Dnfwg71,"[8, 6, 7, 7, 6, 7, 6, 6, 7, 6, 8, 9, 4, 2]",74.97,13.16,61.33,Genelarist
713,Bwsna99,"[5, 4, 5, 6, 5, 5, 5, 7, 5, 6, 7, 8, 6, 6]",55.81,36.14,42.66,Lone Wolf
714,Sasdy18,"[3, 2, 3, 2, 4, 1, 4, 2, 3, 1, 4, 2, 3, 4, 3, 5, 5]",36.09,60.79,7.52,Lone Wolf
715,Dyinf23,"[4, 2, 3, 5, 5, 5, 2, 4, 4, 2, 1, 3]",42.86,46.94,22.39,Task finisher
716,Hbjwr76,"[6, 7, 5, 5, 7, 6, 8, 5, 6, 7]",67.33,31.92,58.01,Leader
717,Pkbmh57,"[7, 10, 9, 10, 8, 10, 9, 10, 8, 6, 7, 8, 9, 10, 10, 6, 9]",86.19,18.99,89.08,Helper
718,Pyfqi60,"[1, 2, 6, 4, 4, 1, 2, 4, 3, 5, 4, 5, 2]",26.86,54.0,0.0,Genelarist
719,Wzsny75,"[9, 10, 9, 7, 10, 8, 6, 10]",86.02,9.81,83.79,Helper
720,Zjlml17,"[9, 8, 9, 10, 9, 9, 9, 7, 7, 10, 9, 10, 9]",91.64,6.55,94.38,Leader
721,Bgazx98,"[5, 8, 7, 4, 7, 7, 5, 5, 8, 4]",60.89,41.51,41.72,Leader
722,Jrjrp89,"[8, 7, 9, 8, 10, 10, 8, 9, 10, 7, 8, 10, 8, 8, 6]",86.2,15.26,88.49,Helper
723,Vcwlz55,"[4, 5, 4, 2, 3, 6, 2, 2, 4, 4, 3, 3, 6, 4, 4, 5]",42.96,56.62,16.03,Lone Wolf
724,Ljavv88,"[10, 7, 10]",93.63,0.1,99.64,Helper
725,Ehgdh53,"[5, 6, 5, 7]",71.4,23.51,70.55,Helper
726,Tiptp66,"[7, 5, 5, 8, 6, 4, 5, 7, 7, 4]",61.5,35.13,51.58,Task finisher
727,Emftj27,"[3, 2, 1, 6, 3, 6, 6, 7, 2, 4, 7, 5, 5, 5, 6, 4, 4, 4, 7]",42.14,49.41,24.49,Perfectionist
728,Zjqqa36,"[10, 7, 8, 5, 10, 10, 8, 9, 10]",82.79,5.38,83.86,Leader
729,Kxifl50,"[5, 7, 6, 8, 6, 9, 6, 7, 9]",75.52,14.16,76.99,Helper
730,Joopr71,"[5, 7, 4, 5, 6, 4, 5, 8, 7, 1, 6, 4, 7, 3, 6, 5]",49.15,45.19,37.32,Lone Wolf
731,Audom83,"[9, 10, 10, 8]",88.08,6.06,87.16,Leader
732,Sbpie97,"[6, 9, 9, 10, 10, 6, 7, 3, 10, 10, 8, 9, 7, 9, 6, 7, 8, 8, 5]",86.36,14.77,87.59,Leader
733,Sidmp91,"[10, 10, 9, 10, 10, 9, 10, 9, 8, 10, 6, 10, 9, 8, 10]",94.07,7.98,99.56,Helper
734,Dcdto30,"[3, 0, 1, 4, 4, 3, 5, 1]",42.48,49.72,20.05,Perfectionist
735,Zpsva88,"[10, 10, 7, 8, 9, 10, 9, 6, 9, 6, 8, 5, 10, 9, 8, 6, 7]",82.67,22.41,78.47,Task finisher
736,Ytwll52,"[10, 9, 10, 7]",93.82,10.41,93.44,Leader
737,Thszf70,"[4, 6, 4, 4, 3, 4, 5, 2, 3, 3]",43.52,50.42,25.44,Lone Wolf
738,Erruu23,"[9, 8, 4, 10, 8, 7, 10, 7, 6, 10, 5, 5, 9, 8, 9, 5]",74.72,17.91,73.28,Leader
739,Vluku89,"[7, 5, 7, 8, 8, 7, 7, 9, 5]",73.59,25.22,69.08,Helper
740,Pvkhv16,"[5, 4, 6, 3, 6, 5, 2, 7, 7, 3]",50.57,33.54,37.9,Lone Wolf
741,Tgbpj91,"[4, 3, 6, 5, 3, 6, 3, 4, 5, 2, 6]",45.97,44.64,23.04,Task finisher
742,Lkcro69,"[0, 3, 4, 0, 3, 2, 5, 2, 4, 2, 2, 4, 4, 1, 2, 4, 3, 3, 3, 2]",30.79,56.07,0.0,Lone Wolf
743,Glpub80,"[6, 3, 2, 4, 3, 0, 5, 5, 2]",37.79,61.23,5.88,Lone Wolf
744,Hgltg25,"[8, 10, 8, 8, 7, 10, 10, 6, 9, 9, 9, 8, 6, 10, 7, 7, 6, 10, 9]",84.38,9.65,91.02,Balancer
745,Hnqnq73,"[4, 3, 4, 3, 6]",39.91,53.53,9.98,Lone Wolf
746,Pxagn50,"[5, 4, 4, 9, 5, 6, 6]",53.81,41.61,45.63,Leader
747,Eddeo18,"[7, 8, 7, 7, 9, 9]",83.9,9.93,87.86,Helper
748,Dhedn96,"[6, 6, 4, 6, 4, 4, 4, 5, 4, 2, 3, 6, 3, 4]",43.97,41.28,22.53,Lone Wolf
749,Hakgd85,"[6, 5, 4, 5, 5, 4, 8, 3, 6, 3, 7, 3, 2, 4]",37.06,47.25,16.76,Task finisher
750,Vyher27,"[7, 7, 4, 6, 7, 5, 8, 8, 7, 7, 8]",74.13,31.31,59.76,Helper
751,Ptrog98,"[5, 7, 4, 4, 5, 2, 4, 3, 3, 4, 2, 3, 4, 5, 2, 3, 7, 6]",44.83,53.14,29.94,Lone Wolf
752,Sxvfz46,"[4, 4, 4, 4, 3, 6, 2, 1, 7, 8, 5, 2, 4, 4, 6]",39.96,56.27,22.11,Lone Wolf
753,Qlnps57,"[9, 10, 9, 9, 6, 7, 10, 8, 9, 7, 9, 10, 8, 9, 8, 10, 9, 9]",88.68,22.45,83.09,Helper
754,Twgkb86,"[0, 2, 3, 4, 2, 2, 2, 0]",39.91,55.52,10.47,Lone Wolf
755,Raijq24,"[8, 6, 9, 8, 9, 9, 9, 9, 7, 7, 8, 9, 10, 7, 9, 7, 4, 6]",84.71,20.76,81.48,Leader
756,Dvvcv22,"[4, 5, 4, 2, 6, 3, 3, 2, 2, 2, 3, 4, 5, 5]",40.52,57.01,12.13,Lone Wolf
757,Kujmf78,"[9, 7, 6, 5, 7, 6, 7, 7, 5, 6, 5, 7, 8, 4]",61.98,31.91,54.97,Helper
758,Jygck90,"[4, 5, 5, 4, 4, 3, 3]",38.9,47.5,18.0,Lone Wolf
759,Pftim48,"[9, 10, 7, 7, 6, 7, 4, 5, 4, 7, 8, 6, 7, 7]",73.11,27.36,65.4,Task finisher
760,Besoy28,"[2, 4, 4, 2, 1, 4, 4, 1, 3, 4, 3]",37.93,54.07,8.09,Lone Wolf
761,Cjnzl23,"[9, 9, 8, 10, 7, 9, 9, 10, 8, 9, 9, 6, 10]",80.59,23.17,81.77,Helper
762,Nitrn37,"[9, 7, 10, 9, 9, 10, 6, 9, 9, 10, 9]",80.24,12.96,82.11,Leader
763,Rjzik81,"[7, 6, 8, 6, 8, 9, 9, 9, 7, 6, 7]",81.12,15.84,82.38,Leader
764,Hhvhd80,"[10, 10, 8, 10, 8]",95.38,7.78,95.68,Helper
765,Hqnjt76,"[10, 10, 8, 7, 7, 6]",77.82,15.82,79.19,Helper
766,Yttjo37,"[6, 9, 7, 8, 5, 8, 10, 7, 7, 8, 6, 9, 10, 7]",82.85,3.56,88.15,Helper
767,Vvubn52,"[8, 9, 9, 9, 9, 10, 8, 8]",82.91,16.76,81.83,Leader
768,Osogr85,"[5, 3, 5, 6, 3, 6, 0, 4, 3, 6, 4, 5]",37.88,43.53,14.7,Perfectionist
769,Rojjb92,"[8, 10, 7, 7, 4]",63.32,33.2,50.12,Helper
770,Zkawd20,"[3, 6, 1, 4, 4, 6, 5, 3, 1, 4, 4, 6, 2, 1, 5, 3, 2, 1, 3]",35.66,47.98,10.49,Lone Wolf
771,Ullwo16,"[7, 9, 9, 7, 8, 6, 8, 9, 7, 9, 6, 8, 8, 5, 7, 7, 8]",73.61,24.38,64.91,Leader
772,Ctxql51,"[6, 4, 5, 0, 4, 5, 8, 3, 3, 6, 4, 5, 4, 5, 5, 4, 1, 6, 5, 4]",48.03,38.32,26.16,Lone Wolf
773,Kucze26,"[2, 5, 1, 2, 4, 5, 2, 2, 1]",45.29,48.67,17.35,Lone Wolf
774,Efiuo24,"[5, 7, 5, 2, 6, 4, 4, 3, 4, 5, 4, 5, 5, 4, 7, 2, 4, 4]",52.69,52.56,29.03,Lone Wolf
775,Qnqnz51,"[7, 5, 6, 6, 6, 8, 9, 8, 6]",68.78,32.78,53.09,Genelarist
776,Quzog39,"[9, 8, 8, 9, 8, 7, 10, 10, 9, 7, 9, 10, 9, 9, 10, 9, 10, 9]",89.32,9.24,90.17,Helper
777,Kipbv36,"[3, 1, 5, 4, 3, 3, 4, 4, 4]",35.63,64.26,4.77,Lone Wolf
778,Hzveb18,"[7, 8, 6, 7]",72.68,26.6,64.94,Helper
779,Wmvra64,"[7, 6, 3, 7, 5, 6, 8, 3, 6, 5, 7, 5, 6, 7, 4, 6, 2, 6, 7]",61.93,28.12,45.88,Helper
780,Hkuuf14,"[3, 3, 3, 2, 1, 3, 4, 3, 2, 1, 2, 3, 3]",38.24,52.45,17.38,Lone Wolf
781,Aetam98,"[7, 9, 8, 8, 7, 7, 8, 9, 10, 8, 8, 9, 10, 8, 8, 9, 8, 8]",81.13,20.17,80.91,Helper
782,Nsuqc31,"[3, 2, 2, 1, 5, 0, 0, 2, 5, 2]",34.5,62.52,4.35,Lone Wolf
783,Loqgq48,"[8, 8, 7, 10, 8, 5, 8, 6, 7, 7, 7, 7, 7, 8, 7, 8, 5]",77.56,19.46,63.89,Leader
784,Lwfqy67,"[10, 10, 8, 7, 6, 7, 9, 10, 8, 8, 9, 10, 8, 9, 9, 7, 9, 10]",89.89,14.18,83.88,Helper
785,Wwbdn29,"[5, 7, 6]",49.53,46.13,27.7,Balancer
786,Uzzsq50,"[5, 6, 6, 5, 7, 2, 8, 9]",58.4,34.79,48.73,Lone Wolf
787,Vognq54,"[6, 4, 2, 3, 3, 7, 6, 2, 2, 1, 6]",38.33,43.78,20.63,Lone Wolf
788,Dcdqj15,"[4, 5, 5, 4, 5, 5, 6, 7, 6, 5, 5, 6, 5, 6, 7, 3]",52.57,37.47,39.23,Balancer
789,Ghzdw86,"[10, 10, 8, 7]",88.13,7.59,91.97,Genelarist
790,Dvwbg28,"[5, 8, 8, 9, 8, 6, 9, 7, 6, 7, 5, 10, 6, 7, 10, 5, 5, 9]",78.97,21.04,71.11,Helper
791,Vlaff76,"[3, 2, 5]",50.54,42.57,30.75,Lone Wolf
792,Slhgr40,"[8, 7, 8, 7, 8, 9, 9, 9, 5]",73.03,22.8,73.03,Perfectionist
793,Ehkxl71,"[6, 4, 7, 8, 7, 9, 6, 6, 7, 7, 7, 8]",75.78,29.59,67.63,Leader
794,Ibavs20,"[6, 10, 10, 10, 7, 8, 9, 10, 7, 10, 5, 10, 8]",90.24,9.96,86.78,Helper
795,Jphmr62,"[10, 8, 8, 10, 10, 8, 9, 10, 10, 9]",92.24,2.0,96.25,Leader
796,Ytzpd26,"[2, 7, 5, 3, 3, 2, 6, 3, 4, 5, 7]",47.2,48.9,24.27,Lone Wolf
797,Jkciu18,"[8, 8, 5, 6, 5, 6, 5, 6, 7, 5, 5, 6, 7, 9, 5]",64.54,31.62,53.57,Helper
798,Baxrs24,"[6, 6, 9, 6, 3, 6, 7, 7, 9, 5, 6]",62.38,36.76,54.79,Lone Wolf
799,Lgjrg31,"[3, 7, 4, 5, 8, 5, 7, 6, 5, 8, 10, 8, 7, 8]",65.76,39.36,55.29,Helper
800,Cknib56,"[5, 7, 7, 8, 6, 5, 4, 6, 9, 5, 5, 6, 7, 5, 1, 5, 4, 6, 3, 4]",51.71,41.41,38.74,Task finisher
801,Nripx75,"[4, 3, 2, 7, 2, 3, 3, 3, 4, 3, 1, 3, 3, 2, 5, 2, 1, 5]",33.09,57.56,7.54,Lone Wolf
802,Vldzc80,"[6, 3, 6, 4, 3, 4, 5, 3]",48.34,43.21,19.14,Lone Wolf
803,Djxwm77,"[8, 8, 8, 7, 7, 7, 7, 8, 7, 6, 7, 9, 10]",80.59,24.26,72.87,Leader
804,Jcxcb21,"[5, 4, 4, 4, 4, 6, 6]",52.97,38.51,33.27,Lone Wolf
805,Nzfcz89,"[2, 4, 3, 3, 4, 3, 1, 2, 4, 2, 4, 3, 2, 4, 4, 4, 4]",33.67,58.4,14.55,Lone Wolf
806,Zrjld93,"[8, 9, 10, 8, 7, 6, 7, 9, 7, 7, 8, 10, 8, 8, 8, 7]",76.72,21.56,75.04,Helper
807,Sellt46,"[8, 8, 10, 7]",79.54,20.12,74.08,Helper
808,Nwmrn77,"[6, 5, 6, 7, 6, 6, 5]",51.99,43.23,32.91,Lone Wolf
809,Wflyn49,"[6, 4, 2]",60.22,46.7,39.7,Lone Wolf
810,Xbpzt41,"[7, 5, 6, 8, 6, 8]",69.05,28.77,63.28,Helper
811,Ysxho84,"[8, 9, 9, 9, 9]",87.21,8.33,94.53,Helper
812,Mkhgg73,"[7, 6, 7, 4, 3, 9, 8, 9, 6, 7, 5, 5, 6, 8, 6, 5, 6, 6]",69.38,28.48,56.27,Task finisher
813,Rvute63,"[3, 7, 7, 5, 7, 5]",55.18,47.09,42.65,Lone Wolf
814,Nrepm78,"[7, 7, 5, 8, 6, 5, 6, 5, 6, 7, 5, 8, 7]",64.25,26.02,50.85,Helper
815,Mjlzr58,"[6, 6, 4, 7, 5, 5, 5, 7, 7]",67.17,34.94,59.82,Genelarist
816,Akfur58,"[2, 5, 2, 4, 3, 2, 4, 4, 4, 0, 6]",45.5,53.42,21.1,Lone Wolf
817,Kfhkb34,"[8, 8, 5, 7, 7, 5]",65.81,34.12,57.18,Leader
818,Gqocw22,"[5, 2, 3, 3, 3, 6, 0, 1, 2]",42.06,54.24,16.67,Lone Wolf
819,Tyqiy60,"[6, 7, 6, 4, 8, 4, 8, 4, 4, 8, 6, 6, 6, 4, 4, 6]",62.19,33.63,47.96,Balancer
820,Vxzzr28,"[8, 4, 3, 3, 5, 6, 6]",56.5,41.67,32.27,Lone Wolf
821,Hxeeo69,"[5, 6, 5, 7, 7, 4, 7, 5]",55.07,37.92,39.88,Lone Wolf
822,Kxmro37,"[10, 10, 10, 10, 10, 8, 10, 7, 10, 7, 9, 10, 10, 7, 6]",87.47,14.33,95.34,Helper
823,Pandc76,"[5, 10, 6, 10, 6, 8]",82.33,15.77,78.91,Helper
824,Ucmnx94,"[10, 10, 7]",78.95,12.21,81.34,Leader
825,Pvdxz77,"[5, 6, 7, 10, 7, 5, 7, 7, 6, 8, 7, 9, 6, 9, 6, 7, 8]",66.3,39.56,60.17,Leader
826,Lbakm48,"[6, 3, 6, 2, 7, 7, 3, 6]",54.04,43.75,44.07,Lone Wolf
827,Qemip42,"[6, 5, 4, 5, 6, 3]",53.98,38.21,37.74,Lone Wolf
828,Tloft27,"[6, 5, 5, 4, 4, 7, 5, 7, 1, 6, 7]",47.71,37.79,28.8,Lone Wolf
829,Rkbbs48,"[5, 7, 3, 3, 3, 5, 9, 5, 5, 4, 4]",54.14,35.14,41.93,Lone Wolf
830,Zjhcp17,"[3, 3, 5, 2, 2, 5]",49.73,56.11,23.61,Perfectionist
831,Zboxr89,"[6, 3, 4, 5, 4, 4]",51.34,43.13,37.25,Lone Wolf
832,Wflzm97,"[10, 10, 7, 10, 10, 6, 9, 6, 9, 8, 7, 10, 10]",88.01,9.21,83.05,Helper
833,Lelfa32,"[8, 8, 10, 8, 10, 8, 7, 8, 10, 9, 6, 8, 6, 8, 10, 9, 10, 7, 8, 7]",93.47,5.88,92.93,Helper
834,Hnqqx87,"[7, 6, 5, 7, 7, 3, 8, 8, 10, 4, 7, 8, 6, 8, 8, 4, 7, 5]",65.92,33.46,53.77,Helper
835,Rkwff82,"[4, 3, 8, 2, 4, 4, 3, 6, 3, 3, 4, 5, 3, 3]",42.64,51.27,18.4,Perfectionist
836,Xhtkv52,"[6, 9, 10, 7, 8, 7, 8, 7, 6, 7, 9, 5, 8, 6, 9, 5, 7, 9, 7, 10]",70.12,29.55,65.8,Helper
837,Xfksa63,"[5, 2, 6, 1, 4, 1, 2, 3, 2, 3, 6, 3]",33.23,51.49,4.31,Lone Wolf
838,Nzaid80,"[5, 4, 7, 3, 5]",37.68,61.8,5.04,Lone Wolf
839,Rowlc91,"[7, 5, 8, 7, 4, 8, 6, 6, 4, 9, 8, 5, 5, 8, 8, 9, 8, 7, 6]",64.47,22.21,60.93,Leader
840,Omxej65,"[8, 8, 10, 9, 9]",84.02,19.98,83.23,Helper
841,Udcmz15,"[5, 5, 4, 7, 4, 5, 4, 5, 3, 5, 3, 7, 6, 5, 5, 3, 7]",49.38,37.11,35.02,Lone Wolf
842,Etmqf43,"[7, 4, 3, 5, 8, 8, 4, 6, 7, 5, 8, 4]",58.09,27.13,41.57,Helper
843,Cejvb45,"[7, 5, 8, 8, 7, 7, 8, 7, 5, 7, 8, 7, 7, 8, 5, 9, 10, 7, 7]",78.18,23.42,69.78,Balancer
844,Dhgob60,"[7, 9, 9, 8, 10, 9, 10, 9]",99.2,7.84,99.75,Helper
845,Wanli66,"[8, 8, 8, 10, 9, 9, 10, 7, 9, 8, 7, 8, 10, 8]",84.06,8.87,84.02,Leader
846,Ykvrm66,"[6, 7, 5, 6, 8, 9, 4, 8, 6, 3, 8, 5, 6, 7, 6, 4, 5, 5]",63.26,24.1,51.59,Leader
847,Hdyse71,"[7, 7, 8, 6, 7, 10, 6, 8]",65.68,30.35,62.56,Genelarist
848,Qoeln97,"[3, 4, 2, 0, 4, 2, 2, 4, 4, 5, 2]",30.98,50.89,1.78,Task finisher
849,Yzreu36,"[9, 8, 10, 7, 10, 7, 8, 4, 10, 8, 9, 7, 9, 6, 9, 10]",79.32,17.2,78.83,Helper
850,Unsnc22,"[10, 10, 8, 9, 6, 10, 10, 7, 7, 8, 7, 6, 10, 8, 7, 10, 8]",83.28,9.78,89.11,Helper
851,Mlral59,"[2, 3, 4, 2, 4, 2]",29.73,53.76,1.26,Lone Wolf
852,Julla11,"[5, 1, 2, 4, 7, 2, 4, 3, 4, 5, 4, 3, 4, 4, 4, 2, 4, 5, 6, 1]",42.91,52.57,18.57,Lone Wolf
853,Fbqps33,"[7, 7, 7, 8, 7, 7, 4]",71.72,31.64,61.56,Helper
854,Zeece72,"[2, 5, 3, 5, 6, 4, 5, 5, 3]",49.55,35.59,23.45,Lone Wolf
855,Sjewx30,"[7, 6, 9, 6, 10, 8, 10, 8, 6, 8, 9, 9, 5, 7, 10, 7, 6, 6, 9, 9]",79.76,16.7,79.5,Helper
856,Prlxt76,"[8, 4, 9, 6, 7, 5, 5, 6]",51.09,41.84,38.1,Genelarist
857,Bywpv29,"[10, 10, 6, 8, 7, 8, 10, 9, 7, 7, 10, 9, 9, 9, 10, 7, 10, 10, 8]",94.61,10.26,95.01,Helper
858,Rqitt58,"[5, 2, 3, 5]",44.31,48.37,19.11,Lone Wolf
859,Monbw20,"[9, 5, 8, 8, 8, 7, 6, 7]",69.44,19.79,66.67,Helper
860,Hpryu95,"[7, 8, 8, 7, 7, 9, 6, 8, 6, 7]",64.79,29.62,55.58,Helper
861,Gkkqv79,"[10, 8, 10, 6, 10, 10, 9, 6, 10, 8]",77.03,18.0,80.3,Leader
862,Snaut57,"[3, 5, 4, 3, 4, 7, 2, 2, 3, 5, 0, 2, 3, 6, 3, 5, 3, 3, 3, 4]",44.15,50.4,12.95,Lone Wolf
863,Epyud21,"[6, 5, 3, 5, 6, 6, 7, 4, 5, 4, 4, 9, 7, 9, 6, 3]",67.31,32.52,53.49,Helper
864,Giknd23,"[3, 5, 2, 4, 3, 5, 3, 2, 2, 3, 2, 2]",38.63,46.08,18.42,Lone Wolf
865,Yxklk24,"[5, 4, 7, 8, 8, 3, 5, 5, 7, 8, 3, 7, 5, 4, 5, 7, 7, 7, 8, 7]",64.55,28.42,50.47,Helper
866,Wwlmi66,"[4, 5, 4, 3, 3, 3, 2, 6, 4, 6, 2, 6, 4, 6, 3, 3, 0]",40.21,50.66,13.36,Lone Wolf
867,Pvcbc51,"[4, 7, 2, 3, 4, 5, 7, 3, 8]",56.38,52.66,30.79,Genelarist
868,Dflpc86,"[6, 3, 3, 5, 1, 4, 3, 5, 3, 3, 6, 5, 2, 3, 3, 2, 4, 3, 5]",41.46,44.71,18.33,Lone Wolf
869,Ukwnb28,"[8, 10, 8, 10, 9, 8, 7, 10, 10, 10, 6, 8, 10, 10, 10, 10]",88.78,9.22,100.0,Helper
870,Pdgys61,"[3, 3, 5, 4, 2, 3, 4, 5, 2, 5, 2, 3, 1]",30.42,46.93,4.39,Lone Wolf
871,Kfuww84,"[8, 8, 7, 9, 7, 6, 6, 7, 8, 10, 10, 8, 7, 8, 5]",78.12,34.49,66.9,Helper
872,Omfkz59,"[6, 3, 6, 5, 6, 3, 2, 4, 7, 7, 5, 7, 7, 5, 3, 5, 3, 3, 4]",53.38,41.84,37.53,Leader
873,Lgmkh83,"[10, 10, 10, 9, 10, 9, 8, 10, 9]",91.54,8.12,95.81,Helper
874,Xxcxp27,"[5, 4, 3, 3, 3, 3, 5, 3, 3, 3, 0]",37.02,52.86,8.19,Lone Wolf
875,Hsfvc59,"[8, 8, 10, 9]",95.1,4.38,96.31,Helper
876,Qpgum69,"[3, 5, 3, 2, 2, 5, 6, 4, 4, 4, 4, 4, 3, 3]",47.56,41.95,25.72,Lone Wolf
877,Kubsg99,"[6, 7, 5, 6, 7, 5, 6, 8, 9, 8, 6, 8]",65.64,24.18,53.28,Balancer
878,Wiwdx46,"[1, 6, 3, 4, 8, 5, 2, 6, 3, 5, 2, 4, 5, 4, 6, 4, 5]",51.51,45.42,32.05,Perfectionist
879,Rcoik81,"[5, 5, 5, 4, 7, 4, 3, 6, 8, 5, 5]",61.78,32.82,45.17,Lone Wolf
880,Vhgjc98,"[8, 8, 10, 7]",80.43,10.74,76.21,Helper
881,Qcstw92,"[3, 3, 2, 3, 1, 1, 3, 3, 3, 3]",38.55,57.34,12.54,Lone Wolf
882,Ublon12,"[1, 6, 6, 4, 2, 2, 1, 2, 3, 3, 0, 3, 4, 3, 2, 3, 6]",33.51,58.75,1.19,Lone Wolf
883,Xvcay46,"[4, 6, 2, 4, 3, 4, 3, 4, 5, 6, 7, 1, 5, 6, 6, 4, 6]",52.41,47.67,26.95,Lone Wolf
884,Efqtm73,"[8, 6, 6, 9, 7, 9, 9, 6, 8, 8, 7, 8, 7, 10, 8, 4, 5, 5]",71.56,24.64,66.68,Helper
885,Yhmbj29,"[3, 5, 3, 4, 2, 5]",31.37,58.1,10.54,Genelarist
886,Zhhxs85,"[5, 3, 5, 1, 4]",49.91,48.53,28.14,Perfectionist
887,Ppbag21,"[8, 8, 10, 10, 9, 10, 10, 10, 7, 7, 10, 10]",93.91,7.54,91.45,Genelarist
888,Rynki76,"[7, 8, 7, 7, 8, 10, 6, 10, 8, 7, 9, 7, 7, 9, 8, 8, 9, 8, 9, 10]",89.53,6.7,88.97,Helper
889,Mthut22,"[9, 7, 6, 5]",68.87,26.06,62.24,Leader
890,Qrmaz68,"[8, 6, 7, 5, 5, 5, 5, 4, 5, 6, 6, 5, 7, 5, 7, 4, 5, 5]",45.42,40.06,32.41,Lone Wolf
891,Vupqn74,"[4, 1, 5, 1, 3, 5, 4, 5, 3, 4, 5, 2, 2, 3]",35.24,61.13,8.65,Lone Wolf
892,Qtqxw54,"[4, 5, 4, 3, 6, 5, 4, 4, 5]",43.74,40.8,26.58,Task finisher
893,Jpbwe97,"[8, 9, 10, 8, 7, 6, 9, 8, 9, 10, 8, 9, 7, 7, 6, 10, 8, 6, 9]",78.87,24.43,81.12,Genelarist
894,Icllx77,"[9, 8, 9, 10]",90.59,8.99,96.16,Leader
895,Lutpl20,"[5, 7, 6, 8, 5]",66.38,34.8,60.6,Leader
896,Qmcmv37,"[10, 6, 10, 9, 6, 10, 8, 9, 8, 8]",94.75,8.26,97.62,Helper
897,Ikssz32,"[8, 6, 8, 7]",81.85,13.91,79.81,Helper
898,Zgxyh34,"[3, 2, 1, 3, 3, 4, 2, 0, 3, 0, 4, 5, 4, 2, 2, 3, 3]",32.95,63.96,0.59,Lone Wolf
899,Iqfkd58,"[6, 7, 3, 6, 10, 8, 9, 5, 6, 7]",68.03,26.69,66.12,Helper
900,Wxkzu74,"[6, 6, 8, 4, 7, 6, 7, 8, 6, 6, 7, 8]",66.27,34.22,54.93,Helper
901,Kxhwi15,"[4, 2, 4, 5, 3, 4, 6, 5]",43.85,46.33,15.45,Lone Wolf
902,Mfpkn93,"[5, 3, 3, 4, 3, 4]",27.93,56.25,1.42,Lone Wolf
903,Emdgo35,"[9, 6, 8, 7, 7, 8, 6, 5, 9, 10, 7, 9]",79.14,31.63,72.17,Helper
904,Pjvyk77,"[7, 9, 8, 7, 6, 7, 7, 10, 9, 4, 6, 8, 9, 6, 8]",72.98,20.5,76.28,Helper
905,Muhhc30,"[7, 6, 6]",48.62,42.57,32.61,Lone Wolf
906,Oheai14,"[5, 5, 5, 6, 5, 5, 4, 2, 6, 4, 5, 3, 2, 3, 3]",45.05,46.32,26.48,Lone Wolf
907,Ophjj57,"[5, 1, 3, 4, 3, 1, 3, 3, 4, 3, 4, 3, 4, 1]",35.4,57.06,9.75,Lone Wolf
908,Eboxs57,"[7, 10, 9, 6]",93.21,6.81,95.33,Helper
909,Ixcvk44,"[4, 5, 1, 5, 7, 4, 5, 5, 6, 3, 4, 4, 7, 5, 2, 5]",42.0,41.36,18.97,Lone Wolf
910,Mpiag75,"[6, 5, 4, 5, 3, 4, 4, 4, 4, 5, 2]",44.84,49.49,27.75,Lone Wolf
911,Uocqg95,"[7, 8, 8, 6, 5]",74.47,16.77,69.52,Leader
912,Chneb72,"[7, 5, 5, 7, 4, 9, 6, 6, 9, 6]",62.63,32.02,46.05,Lone Wolf
913,Rhtui78,"[2, 5, 6, 9, 7]",62.09,28.57,50.61,Helper
914,Khtfu24,"[9, 5, 7, 9, 5, 7, 6]",77.3,22.42,67.23,Helper
915,Dzfyd95,"[3, 5, 7, 6, 5, 5, 5, 3, 5, 2, 5, 3, 6, 3]",55.73,38.45,33.73,Genelarist
916,Jzjbd87,"[9, 7, 9, 8, 7, 8, 8, 8, 5, 9, 9]",74.53,11.81,72.3,Helper
917,Ppsxa30,"[6, 7, 7, 6, 7, 8, 9, 7, 7]",70.84,11.67,69.35,Helper
918,Rcyoj93,"[4, 3, 3, 2, 3, 6, 3, 1, 1, 4]",31.82,56.01,0.42,Genelarist
919,Yygzo62,"[10, 9, 10, 10, 7, 7, 9, 6]",80.65,15.49,84.37,Helper
920,Xvwmd19,"[7, 8, 8, 6, 7, 5, 8, 9, 7, 8, 7, 8, 6, 6, 5, 8, 8, 4]",72.31,30.87,66.79,Balancer
921,Tfiyd31,"[2, 1, 6]",44.16,46.76,15.68,Perfectionist
922,Zbqen72,"[5, 2, 5, 5, 1, 3]",41.19,57.58,12.23,Lone Wolf
923,Wttnm43,"[5, 5, 3, 4]",46.46,50.2,24.27,Lone Wolf
924,Tfrft99,"[3, 8, 5, 4, 5, 2, 1, 3, 1, 5, 2, 7, 3, 5, 2, 3, 5, 3]",37.81,53.02,15.14,Lone Wolf
925,Vagdc95,"[8, 8, 6, 8, 9, 9, 9, 4, 9, 10, 10, 9, 9, 8]",85.58,13.49,84.35,Perfectionist
926,Erxzx48,"[5, 5, 4, 2, 6, 4, 6, 5]",38.7,44.57,19.67,Lone Wolf
927,Pwmiy88,"[5, 6, 6, 9, 7, 5, 5, 8, 6, 8, 6, 2, 8, 5, 6, 4, 7, 5]",61.53,34.7,52.31,Lone Wolf
928,Tlaml21,"[5, 4, 4, 4, 5, 3, 5, 6, 6, 6, 3, 6, 4, 5, 5, 5, 3]",44.83,50.16,26.8,Lone Wolf
929,Embzp41,"[4, 1, 3, 1, 3, 3, 5, 0, 1, 3, 4, 4, 6, 1, 7, 2, 4, 5, 4, 2]",39.56,51.92,11.36,Lone Wolf
930,Iekuz35,"[4, 1, 4, 3, 4, 4, 0, 1]",31.62,52.36,6.83,Lone Wolf
931,Ktjkg28,"[9, 9, 6, 10, 10, 9]",91.63,3.14,95.39,Helper
932,Fcmrv27,"[10, 10, 10, 10, 10, 9, 8, 10, 10, 9]",95.99,6.83,100.0,Helper
933,Zalgj86,"[8, 5, 8, 7, 6, 6, 10, 7, 8, 7, 6, 5, 8, 7, 8, 8, 5, 6, 4]",69.67,17.51,62.35,Perfectionist
934,Ycmzp31,"[9, 7, 7, 7, 8, 9, 10, 9, 10, 9, 9, 7, 8, 9, 8, 6, 7, 9, 10]",81.18,8.31,83.8,Helper
935,Xixyc68,"[8, 10, 5, 10, 7, 9, 10, 5, 10, 7, 7, 9, 8, 10, 8, 9, 9, 9, 8]",86.46,16.88,88.54,Helper
936,Iiuio77,"[3, 0, 4, 6, 5, 6, 3, 0, 1, 4, 2, 4, 4, 1, 2, 2, 5]",38.12,61.92,11.22,Lone Wolf
937,Yqbgj51,"[2, 1, 1, 5, 1, 4, 3, 0, 2, 2, 2, 4, 2, 2, 3, 3, 4]",35.04,54.31,9.47,Lone Wolf
938,Phepp55,"[8, 7, 7, 8, 8, 8, 8, 8, 7, 10, 10, 9, 9, 10, 10, 5, 9, 10, 9, 8]",78.15,16.45,82.52,Helper
939,Oukql78,"[5, 6, 4, 8, 9, 7, 4]",65.49,35.0,54.2,Helper
940,Trynl35,"[5, 6, 8, 6, 7]",62.66,44.33,47.89,Genelarist
941,Qesdj34,"[7, 10, 7, 6, 6, 10, 10, 7, 9]",78.63,16.09,71.24,Helper
942,Yxfqt36,"[7, 3, 2]",29.91,56.24,3.08,Lone Wolf
943,Znikk17,"[9, 10, 7, 9, 9, 10, 7, 10, 10, 7, 8, 9, 8, 10, 10, 9, 6, 8]",94.52,5.59,96.75,Helper
944,Ghfcx38,"[6, 8, 7, 6, 8, 6, 7, 7, 7, 7, 6, 9]",72.69,22.24,69.26,Helper
945,Eccuj39,"[6, 7, 6, 6, 8, 4, 7, 9, 6, 4, 6, 3, 5, 4, 4, 7, 5, 3, 5]",52.39,47.35,42.13,Lone Wolf
946,Dznjk67,"[8, 7, 6]",72.22,20.44,66.16,Helper
947,Gtsrj16,"[10, 9, 9]",79.8,14.85,81.08,Leader
948,Yvceg70,"[3, 7, 4, 5, 7, 8, 5, 6, 5]",51.24,39.45,35.49,Lone Wolf
949,Rozbc63,"[9, 6, 10, 10, 10, 10]",90.83,10.98,89.58,Helper
950,Tcftt79,"[2, 5, 5, 3, 2, 5, 5, 3]",47.42,41.59,22.53,Task finisher
951,Weyox75,"[6, 6, 5, 5, 4, 4, 6, 5, 4, 3, 5, 6, 3]",49.03,52.07,28.97,Perfectionist
952,Qovhe76,"[10, 10, 9]",92.38,12.3,90.49,Helper
953,Myudh16,"[2, 4, 3, 3, 4]",40.79,49.17,10.91,Balancer
954,Uphua60,"[4, 5, 0, 2, 2]",39.6,55.55,9.94,Perfectionist
955,Pnywk44,"[5, 5, 6, 4, 4, 6]",48.3,41.48,29.09,Task finisher
956,Pxhyn87,"[6, 7, 7, 6, 10, 8, 8, 9, 10, 8]",72.76,21.4,74.44,Genelarist
957,Fwjio33,"[7, 8, 6, 8, 6, 8, 7, 5, 6, 9, 8, 7, 6, 8, 8, 6, 7]",77.06,23.13,73.38,Leader
958,Hucei21,"[6, 9, 7, 9, 9, 8, 9, 10, 9, 8, 8, 9, 9, 8, 9, 10, 9, 9, 10]",93.07,12.77,90.65,Helper
959,Okroq32,"[10, 10, 9, 7, 8, 6, 9]",92.42,0.1,97.39,Genelarist
960,Pjwul68,"[9, 9, 9, 9, 10, 10, 10, 9, 9, 9, 9, 8, 7, 8, 9, 9, 10, 10, 7]",95.94,4.86,98.68,Helper
961,Aaetb41,"[7, 8, 7, 8, 10, 7, 5, 8, 10, 8, 9, 8, 8]",86.75,8.94,87.31,Task finisher
962,Uvwsm76,"[5, 8, 5, 3, 6, 6, 6, 4, 6, 4, 6, 7, 3]",56.28,44.32,38.17,Lone Wolf
963,Cikbq10,"[7, 7, 6, 6, 6, 6, 8]",61.61,29.94,55.49,Leader
964,Gfnbu34,"[3, 5, 5, 5, 6, 2, 4, 4, 4, 3, 5, 7, 3, 4]",51.87,48.89,33.81,Lone Wolf
965,Kvwzv97,"[9, 6, 5, 8, 6, 9, 6, 7, 9, 5, 7, 6, 7, 7]",72.24,29.6,62.06,Helper
966,Qcaee16,"[8, 9, 9, 10, 9, 7, 8, 8, 9, 7, 8, 9, 7, 8, 10, 9, 10, 10, 8]",91.63,19.96,87.02,Helper
967,Rxyqf86,"[4, 2, 4, 1, 4, 4, 4, 3, 3, 3, 3, 4, 1, 2, 4, 4, 5, 4, 4]",38.32,58.37,10.81,Lone Wolf
968,Owmzu18,"[8, 8, 6, 6]",66.51,30.69,50.63,Helper
969,Ggtkl76,"[9, 7, 6, 5, 10, 7, 7, 8, 9, 5, 6, 5, 6, 5, 5, 6, 5, 6]",68.34,31.3,52.04,Helper
970,Bgdgx94,"[5, 5, 4, 7, 5, 3]",52.37,44.63,28.61,Lone Wolf
971,Loyou76,"[8, 7, 8, 6, 9]",77.94,14.55,71.73,Leader
972,Ddgdq59,"[8, 8, 9, 8, 9, 7, 9, 8, 7, 10, 7, 6, 5, 7, 7, 9, 6, 7]",71.48,25.46,73.03,Helper
973,Ebztr34,"[5, 5, 3, 7, 8, 6]",60.57,45.82,44.86,Leader
974,Tlady40,"[1, 2, 4, 4, 2, 4, 2, 5, 1, 7, 3, 2]",41.67,54.9,13.79,Lone Wolf
975,Gihjx69,"[7, 7, 9, 7, 9, 9, 5, 8]",74.45,24.91,63.02,Helper
976,Uevgr61,"[7, 6, 5, 3, 7, 6, 7, 5, 8, 7, 7, 7, 6, 8, 6]",64.29,28.89,48.48,Helper
977,Ttixj25,"[3, 5, 7, 6, 8, 5, 6, 3, 2, 5, 6, 5, 3, 4, 3]",55.08,39.13,38.39,Lone Wolf
978,Dfbwl12,"[7, 7, 2, 2, 8, 10, 6, 5, 6, 8, 4, 7, 5, 7, 6, 8, 6, 9, 6]",61.34,31.73,48.65,Helper
979,Iowuw25,"[7, 4, 9, 8, 9, 4, 7, 5, 6, 5, 8, 4, 7, 6, 7, 9, 8, 7, 9, 8]",73.89,20.69,65.15,Helper
980,Iiwit43,"[8, 7, 7, 9, 7, 9, 9, 5, 6, 8, 7, 8]",74.94,26.18,64.74,Helper
981,Avmqd32,"[6, 4, 6, 6, 2, 5, 6, 8, 4, 5, 6, 4, 6, 8, 5, 2]",49.93,45.97,35.71,Lone Wolf
982,Qohqh89,"[6, 7, 6, 7, 5, 7, 5, 3, 5, 6, 6, 6, 5, 7, 8, 7, 6, 5, 7]",62.85,38.72,44.93,Lone Wolf
983,Pthpp69,"[8, 4, 6, 5, 9]",53.7,40.24,41.56,Lone Wolf
984,Unhsy93,"[8, 7, 9, 9, 7, 8, 10, 7, 4, 6, 5, 4, 6, 10, 7, 7, 9]",69.5,30.0,55.93,Helper
985,Okdns68,"[5, 3, 4, 4, 5, 5, 4, 3, 5, 4, 5, 4, 3, 6, 6, 5, 0]",52.29,40.49,32.84,Lone Wolf
986,Mgbiy30,"[8, 8, 5, 7, 7, 6, 5, 7, 4, 5, 6, 3, 6, 6, 5, 7, 8, 3, 6, 4]",67.37,31.66,57.79,Helper
987,Twlnr74,"[2, 3, 3, 5, 2, 2, 5, 2, 4, 3, 3, 2, 3, 4, 4, 3, 4, 5, 3]",36.25,57.94,4.52,Lone Wolf
988,Rviin27,"[10, 9, 7, 10, 10, 9, 8, 10, 10, 10, 5, 10]",88.2,10.61,90.77,Task finisher
989,Olknu74,"[4, 1, 3, 5, 5, 4, 4, 3, 6, 3]",48.86,51.06,23.26,Genelarist
990,Ykscg71,"[8, 8, 9, 10, 6]",71.87,16.92,71.75,Helper
991,Syeuj85,"[5, 4, 6, 4, 5, 7, 8, 8, 5, 4, 4, 5, 6, 6, 4, 4, 3, 6]",57.22,40.75,36.2,Lone Wolf
992,Pejad21,"[8, 10, 6, 8]",81.53,19.08,76.28,Helper
993,Vnjfk17,"[7, 7, 6, 8, 10, 10, 10, 8, 7, 6, 5, 6, 8, 6, 6, 7, 9, 8]",80.09,16.97,78.73,Helper
994,Wvnfx77,"[6, 9, 6, 10, 5, 10, 8, 7, 7, 5, 6, 7, 10]",84.8,12.55,75.69,Helper
995,Kmnfy30,"[6, 2, 4, 6, 5, 6, 4, 1, 4, 5, 4]",38.74,45.72,13.79,Lone Wolf
996,Baomk42,"[5, 7, 4, 3, 5, 5, 4, 3]",50.47,49.11,41.14,Lone Wolf
997,Wqyal28,"[4, 5, 0, 4, 3, 3, 2, 3, 6, 3, 1, 5]",35.43,61.43,6.19,Balancer
998,Pmgzh47,"[9, 8, 10, 7, 10, 7]",76.85,24.44,74.64,Helper
999,Wldbj99,"[6, 10, 8, 7, 8, 8, 9, 10, 10]",91.79,7.86,89.6,Helper
1000,Zfbjy28,"[7, 4, 4]",43.64,42.7,25.2,Lone Wolf
